Run Time (sec),Filament Feed Rate Set (RPS),Spool Wind Rate Set (RPS),Wind B-F Speed (PPS),Filament Diameter Set (mm),Spool Wind Rate Actual (RPS),Wind Count (#),Filament Diameter Actual (mm)
0,0.0005,0.25,0,0,0.25,0,0.28
1.00019598,0.0005,0.25,0,0,0.251,0,0.295
1.997447491,0.0005,0.25,0,0,0.253,0,0.299
2.999223709,0.0005,0.25,0,0,0.245,0,0.29
4.000731707,0.0005,0.25,0,0,0.25,0,0.291
4.99803853,0.0005,0.25,0,0,0.251,0,0.297
5.998999119,0.0005,0.25,0,0,0.254,0,0.302
7.000025988,0.0005,0.25,0,0,0.248,0,0.314
8.001741886,0.0005,0.25,0,0,0.25,0,0.311
9.000349283,0.0005,0.25,0,0,0.252,0,0.29
9.998692751,0.0005,0.25,0,0,0.254,0,0.3
10.99736738,0.0005,0.25,0,0,0.247,0,0.301
12.00846601,0.0005,0.25,0,0,0.253,0,0.29
12.99783182,0.0005,0.25,0,0,0.251,0,0.287
13.99771094,0.0005,0.25,0,0,0.251,0,0.288
15.00026584,0.0005,0.25,0,0,0.247,0,0.268
15.99789405,0.0005,0.25,0,0,0.25,0,0.267
16.99632788,0.001,0.25,0,0,0.252,0,0.279
17.99564266,0.001,0.25,0,0,0.25,0,0.283
18.9994278,0.001,0.25,0,0,0.247,0,0.277
19.99854207,0.001,0.25,0,0,0.251,0,0.283
20.99747014,0.001,0.25,0,0,0.252,0,0.301
21.99740744,0.001,1,0,0,0.708,0,0.291
22.99705911,0.001,1,127,0,0.866,1,0.306
23.99741149,0.001,1,127,0,0.904,1,0.293
25.15279698,0.001,1,127,0,0.948,1,0.294
25.99783254,0.001,1,127,0,0.967,1,0.296
26.99726224,0.001,1,127,0,0.98,1,0.179
28.00043845,0.001,1,127,0,0.989,1,0.164
29.00019479,0.001,1,127,0,0.992,1,0.164
30.00024009,0.001,1,127,0,0.995,1,0.174
30.99845886,0.001,1,127,0,0.997,1,0.166
32.00136447,0.001,1,127,0,0.997,1,0.171
32.99848008,0.001,1,127,0,1,1,0.185
34.01283622,0.001,1,127,0,0.998,1,0.191
35.01671839,0.001,1,127,0,1.001,1,0.186
36.02063489,0.001,1,127,0,1,1,0.188
37.02202392,0.001,1,127,0,0.998,1,0.236
38.03951931,0.001,1,127,0,1,1,0.235
39.00073004,0.001,1,127,0,1,1,0.231
40.00024104,0.001,1,127,0,1,1,0.227
40.99884415,0.001,1,127,0,0.996,1,0.243
42.00152636,0.001,1,127,0,0.998,1,0.224
42.9991529,0.001,1,127,0,1,1,0.214
43.99883914,0.001,1,127,0,1,1,0.199
44.99964285,0.001,1,127,0,0.998,1,0.187
45.99874544,0.001,1,127,0,1.002,1,0.198
47.0561986,0.001,1,127,0,0.998,1,0.194
48.05979824,0.001,1,127,0,1.001,1,0.178
49.07679129,0.001,1,127,0,1.001,1,0.199
50.2626338,0.001,1,127,0,1,1,0.19
51.00170255,0.001,1,127,0,1.001,1,0.205
51.99662066,0.001,1,127,0,1.001,1,0.222
53.00289083,0.001,1,127,0,1.003,1,0.208
54.0001967,0.001,1,127,0,0.998,1,0.237
54.99891376,0.001,1,127,0,1.001,1,0.23
55.99973321,0.001,1,127,0,0.997,1,0.237
56.99782872,0.001,1,127,0,0.996,1,0.222
57.99766183,0.001,1,127,0,0.998,1,0.225
59.00059748,0.001,1,127,0,0.997,1,0.232
59.99845958,0.001,1,127,0,0.998,1,0.216
61.00180173,0.001,1,127,0,1.002,1,0.199
61.99843097,0.001,1,127,0,1,1,0.202
63.00540423,0.001,1,127,0,0.998,1,0.199
64.00207448,0.001,1,127,0,1.002,1,0.215
64.99777484,0.001,1,127,0,1.001,1,0.209
65.99974895,0.001,1,127,0,1.003,1,0.202
67.00204062,0.001,1,127,0,1.001,1,0.198
68.0012269,0.001,1,127,0,1.001,1,0.214
69.02453709,0.001,1,127,0,0.998,1,0.216
70.00100064,0.001,1,127,0,1.001,1,0.214
71.01081562,0.001,1,127,0,1,1,0.211
72.03188801,0.001,1,127,0,1,1,0.226
73.02188277,0.001,1,127,0,0.997,1,0.234
74.02233267,0.001,1,127,0,0.996,1,0.228
75.03846979,0.001,1,127,0,0.998,1,0.22
76.03909278,0.001,1,127,0,0.998,1,0.227
77.05270362,0.001,1,127,0,1.001,1,0.229
78.00009751,0.001,1,127,0,1.003,1,0.234
78.99927974,0.001,1,127,0,1.002,1,0.225
79.99899936,0.001,1,127,0,1,1,0.239
80.9980154,0.001,1,127,0,1.001,1,0.23
81.99871206,0.001,1,127,0,0.998,1,0.225
82.99884677,0.001,1,127,0,1.001,1,0.214
84.00384998,0.001,1,127,0,1.001,1,0.221
84.99961066,0.001,1,127,0,1,1,0.192
86.00368094,0.001,1,127,0,1,1,0.195
87.00330234,0.001,1,127,0,0.997,1,0.196
87.99950123,0.001,1,127,0,0.998,1,0.191
89.00071263,0.001,1,127,0,1,1,0.227
89.99783278,0.001,1,127,0,1.002,1,0.212
91.00273752,0.001,1,127,0,0.998,1,0.208
92.0009408,0.001,1,127,0,1,1,0.214
92.99988842,0.001,1,127,0,1.002,1,0.237
94.00096893,0.001,1,127,0,1,1,0.238
94.9982388,0.001,1,127,0,1,1,0.23
96.00047684,0.001,1,127,0,1.002,1,0.227
97.001899,0.001,1,127,0,1,1,0.231
97.99893284,0.001,1,127,0,1,1,0.216
99.00642729,0.001,1,127,0,1,1,0.214
100.0018954,0.001,1,127,0,1,1,0.224
100.9977899,0.001,1,127,0,1,1,0.227
101.9999647,0.001,1,127,0,1.001,1,0.227
103.0012958,0.001,1,127,0,0.996,1,0.221
104.0017924,0.001,1,127,0,0.996,1,0.228
104.9997392,0.001,1,127,0,0.998,1,0.222
106.0002751,0.001,1,127,0,1.001,1,0.232
107.0579903,0.001,1,127,0,1.001,1,0.227
108.0674582,0.001,1,127,0,1.002,1,0.235
109.077508,0.001,1,127,0,1.003,1,0.235
110.0968282,0.001,1,127,0,1.003,1,0.233
110.9988849,0.001,1,127,0,1.002,1,0.223
112.0045009,0.001,1,127,0,1.001,1,0.221
112.9985402,0.001,1,127,0,1.001,1,0.222
114.0248048,0.001,1,127,0,0.997,1,0.203
115.0119131,0.001,1,127,0,0.997,1,0.197
116.0137424,0.001,1,127,0,0.998,1,0.189
117.0236695,0.001,1,127,0,0.997,1,0.232
118.0297775,0.001,1,127,0,1,1,0.229
119.0393405,0.001,1,127,0,1,1,0.225
120.0355701,0.001,1,127,0,1.001,1,0.221
121.0432329,0.001,1,127,0,1.001,1,0.227
122.0115557,0.001,1,127,0,0.997,1,0.249
122.9997911,0.001,1,127,0,1,1,0.262
124.0036027,0.001,1,127,0,1.003,1,0.247
125.0069818,0.001,1,127,0,1.002,1,0.241
126.0023341,0.001,1,127,0,1.001,1,0.239
127.0026765,0.001,1,127,0,1.002,1,0.232
128.0040245,0.001,1,127,0,1,1,0.218
129.0032487,0.001,1,127,0,1,1,0.225
130.0007918,0.001,1,127,0,1.002,1,0.222
131.006006,0.001,1,127,0,1.001,1,0.203
131.9978938,0.001,1,127,0,0.994,1,0.208
133.0018704,0.001,1,127,0,0.998,1,0.223
133.999243,0.001,1,127,0,0.998,1,0.222
135.0050976,0.001,1,127,0,0.998,1,0.213
136.0027292,0.001,1,127,0,1,1,0.211
137.0039577,0.001,1,127,0,1.002,1,0.223
138.0013924,0.001,1,127,0,1.001,1,0.226
139.003176,0.001,1,127,0,1,1,0.225
140.0012517,0.001,1,127,0,1.002,1,0.222
141.0055304,0.001,1,127,0,1.001,1,0.212
141.9989536,0.001,1,127,0,1.001,1,0.215
142.9989092,0.001,1,127,0,1.001,1,0.219
144.0000632,0.001,1,127,0,1,2,0.217
145.0009935,0.001,1,127,0,1,2,0.213
146.006012,0.001,1,127,0,0.997,2,0.232
147.0007241,0.001,1,127,0,0.998,2,0.236
147.9990532,0.001,1,127,0,0.998,2,0.224
148.9988241,0.001,1,127,0,0.996,2,0.247
150.0008848,0.001,1,127,0,0.997,2,0.239
151.0048959,0.001,1,127,0,1.001,2,0.239
151.9994011,0.001,1,127,0,1.001,2,0.237
153.0136878,0.001,1,127,0,1.002,2,0.232
154.000051,0.001,1,127,0,1.001,2,0.227
155.0020714,0.001,1,127,0,1.001,2,0.217
156.0140765,0.001,1,127,0,1.002,2,0.209
157.011086,0.001,1,127,0,1.002,2,0.219
158.0333028,0.001,1,127,0,1.001,2,0.203
159.0366194,0.001,1,127,0,0.998,2,0.19
160.0446112,0.001,1,127,0,0.997,2,0.333
161.0371885,0.001,1,127,0,1.001,2,0.219
162.0426023,0.001,1,127,0,1.001,2,0.216
162.9999611,0.001,1,127,0,1,2,0.214
164.0013237,0.001,1,127,0,0.998,2,0.243
164.999352,0.001,1,127,0,0.997,2,0.242
165.9994416,0.001,1,127,0,0.998,2,0.226
167.0589528,0.001,1,127,0,1,2,0.226
168.0589025,0.001,1,127,0,1.002,2,0.229
169.073009,0.001,1,127,0,1.003,2,0.222
170.0854311,0.001,1,127,0,1.001,2,0.211
170.9990568,0.001,1,127,0,1.003,2,0.22
171.9998879,0.001,1,127,0,1.001,2,0.23
173.0006855,0.001,1,127,0,1,2,0.214
174.0010936,0.001,1,127,0,1.001,2,0.206
174.999836,0.001,1,127,0,1.001,2,0.205
176.0010524,0.001,1,127,0,1,2,0.204
177.0020533,0.001,1,127,0,0.998,2,0.215
178.003139,0.001,1,127,0,1.001,2,0.21
179.0003004,0.001,1,127,0,0.998,2,0.213
180.0009954,0.001,1,127,0,1,2,0.203
181.0010366,0.001,1,127,0,1.001,2,0.209
182.0703027,0.001,1,127,0,1.002,2,0.214
183.0989578,0.001,1,127,0,1.001,2,0.22
184.0139542,0.001,1,127,0,1.004,2,0.218
185.1227241,0.001,1,127,0,1.001,2,0.223
186.0044494,0.001,1,127,0,1.002,2,0.215
187.0003669,0.001,1,127,0,1.001,2,0.204
188.0018339,0.001,1,127,0,1,2,0.192
189.0038052,0.001,1,127,0,0.998,2,0.204
190.0045905,0.001,1,127,0,1.001,2,0.204
191.0003197,0.001,1,127,0,1.001,2,0.205
191.9997065,0.001,1,127,0,0.997,2,0.205
193.0087416,0.001,1,127,0,0.998,2,0.202
194.0017819,0.001,1,127,0,0.996,2,0.198
195.0245824,0.001,1,127,0,1,2,0.202
196.0208995,0.001,1,127,0,1.002,2,0.205
197.0145593,0.001,1,127,0,0.998,2,0.185
198.0246336,0.001,1,127,0,1.001,2,0.194
199.0331337,0.001,1,127,0,1,2,0.229
200.0348642,0.001,1,127,0,1.002,2,0.22
201.0471239,0.001,1,127,0,1.002,2,0.219
202.0035176,0.001,1,127,0,1,2,0.222
203.0010335,0.001,1,127,0,1.003,2,0.229
203.9998877,0.001,1,127,0,1,2,0.221
205.0014038,0.001,1,127,0,0.998,2,0.227
206.0014112,0.001,1,127,0,1,2,0.219
207.0062563,0.001,1,127,0,0.996,2,0.217
208.0007062,0.001,1,127,0,0.998,2,0.195
209.0039394,0.001,1,127,0,1.001,2,0.197
210.005049,0.001,1,127,0,1.001,2,0.213
211.0024295,0.001,1,127,0,0.998,2,0.238
212.0019796,0.001,1,127,0,1.002,2,0.223
213.0040331,0.001,1,127,0,1.003,2,0.244
214.0010257,0.001,1,127,0,1,2,0.25
215.000473,0.001,1,127,0,1.001,2,0.236
216.0000784,0.001,1,127,0,1,2,0.237
217.0035117,0.001,1,127,0,1,2,0.235
218.00102,0.001,1,127,0,1,2,0.224
219.0075753,0.001,1,127,0,1,2,0.213
220.0035689,0.001,1,127,0,1.001,2,0.189
220.9996123,0.001,1,127,0,1,2,0.193
222.0058117,0.001,1,127,0,1,2,0.196
223.0044739,0.001,1,127,0,1,2,0.188
224.0033762,0.001,1,127,0,1,2,0.19
225.0034802,0.001,1,127,0,1,2,0.199
226.0022488,0.001,1,127,0,1.001,2,0.21
227.0590959,0.001,1,127,0,1.004,2,0.215
228.0599575,0.001,1,127,0,1.002,2,0.201
229.0737257,0.001,1,127,0,1.002,2,0.21
230.0875123,0.001,1,127,0,1.001,2,0.232
231.0405891,0.001,1,127,0,1.001,2,0.222
232.042861,0.001,1,127,0,1.001,2,0.211
233.005712,0.001,1,127,0,1.002,2,0.211
234.0061152,0.001,1,127,0,1,2,0.233
235.0192606,0.001,1,127,0,0.998,2,0.22
236.0173461,0.001,1,127,0,1.001,2,0.201
237.0269065,0.001,1,127,0,1,2,0.216
238.0488837,0.001,1,127,0,1,2,0.225
239.0434513,0.001,1,127,0,0.996,2,0.217
240.042851,0.001,1,127,0,1.001,2,0.199
241.0012088,0.001,1,127,0,1.001,2,0.209
242.0032535,0.001,1,127,0,1,2,0.227
243.0008984,0.001,1,127,0,1.001,2,0.223
244.0019035,0.001,1,127,0,1.002,2,0.212
245.0047617,0.001,1,127,0,1.001,2,0.222
246.0133643,0.001,1,127,0,1.002,2,0.222
247.0048923,0.001,1,127,0,1,2,0.227
248.0028956,0.001,1,127,0,1.003,2,0.231
249.0043409,0.001,1,127,0,1,2,0.24
250.0028288,0.001,1,127,0,1,2,0.239
251.0031531,0.001,1,127,0,0.998,2,0.229
252.0023894,0.001,1,127,0,0.997,2,0.231
253.0026696,0.001,1,127,0,0.998,2,0.241
254.0076618,0.001,1,127,0,0.996,2,0.215
255.0008922,0.001,1,127,0,0.996,2,0.215
256.0030413,0.001,1,127,0,1.001,2,0.234
257.0019133,0.001,1,127,0,1.001,2,0.227
258.0050466,0.001,1,127,0,1.001,2,0.212
259.0072236,0.001,1,127,0,1.003,2,0.219
260.0012486,0.001,1,127,0,1.003,2,0.224
261.0017335,0.001,1,127,0,1.003,2,0.239
262.0009823,0.001,1,127,0,1.001,2,0.213
263.0158837,0.001,1,127,0,1.002,2,0.217
264.0043538,0.001,1,127,0,1.001,2,0.22
265.0064654,0.001,1,127,0,0.997,2,0.19
266.0019839,0.001,1,127,0,0.998,3,0.214
267.0006282,0.001,1,127,0,0.998,3,0.216
268.0037613,0.001,1,127,0,0.998,3,0.212
269.0035625,0.001,1,127,0,1,3,0.199
270.0067422,0.001,1,127,0,0.997,3,0.199
271.0057018,0.001,1,127,0,1,3,0.213
272.0017173,0.001,1,127,0,1.001,3,0.204
273.0058897,0.001,1,127,0,1.002,3,0.214
274.0165827,0.001,1,127,0,1.004,3,0.204
275.0140073,0.001,1,127,0,1.003,3,0.195
276.0229025,0.001,1,127,0,1.004,3,0.194
277.0148644,0.001,1,127,0,1.003,3,0.192
278.0340996,0.001,1,127,0,1.002,3,0.198
279.0384064,0.001,1,127,0,1.001,3,0.195
280.0393317,0.001,1,127,0,1,3,0.198
281.041996,0.001,1,127,0,1,3,0.195
282.0028427,0.001,1,127,0,0.997,3,0.214
283.0026896,0.001,1,127,0,0.998,3,0.208
284.0448799,0.001,1,127,0,0.998,3,0.216
285.0024121,0.001,1,127,0,1,3,0.23
286.0029354,0.001,1,127,0,1.001,3,0.239
287.0630791,0.001,1,127,0,1.005,3,0.226
288.0563557,0.001,1,127,0,1.004,3,0.236
289.0734577,0.001,1,127,0,1.003,3,0.238
290.2601435,0.001,1,127,0,1.001,3,0.233
291.0029104,0.001,1,127,0,1.001,3,0.224
292.002636,0.001,1,127,0,1.002,3,0.232
293.0031204,0.001,1,127,0,1,3,0.228
294.0027475,0.001,1,127,0,1,3,0.225
295.0059564,0.001,1,127,0,0.997,3,0.223
296.0078483,0.001,1,127,0,0.998,3,0.225
297.00649,0.001,1,127,0,0.998,3,0.216
298.0051494,0.001,1,127,0,1,3,0.213
299.0014193,0.001,1,127,0,0.998,3,0.217
300.0013449,0.001,1,127,0,1.002,3,0.206
301.0038579,0.001,1,127,0,1.001,3,0.196
302.0021579,0.001,1,127,0,1.002,3,0.2
303.0031188,0.001,1,127,0,1.001,3,0.195
304.0014546,0.001,1,127,0,1.003,3,0.196
305.0026603,0.001,1,127,0,1.002,3,0.189
306.0035779,0.001,1,127,0,1.003,3,0.198
307.0044982,0.001,1,127,0,1.001,3,0.203
308.0032425,0.001,1,127,0,1.001,3,0.199
309.002964,0.001,1,127,0,1,3,0.197
310.0077109,0.001,1,127,0,0.997,3,0.216
311.005784,0.001,1,127,0,0.998,3,0.231
312.0016961,0.001,1,127,0,0.997,3,0.226
313.0027592,0.001,1,127,0,0.997,3,0.219
314.0100365,0.001,1,127,0,0.998,3,0.235
315.004657,0.001,1,127,0,1,3,0.228
316.0206871,0.001,1,127,0,1,3,0.21
317.0272644,0.001,1,127,0,1,3,0.21
318.0364013,0.001,1,127,0,1,3,0.206
319.0429044,0.001,1,127,0,1.002,3,0.2
320.0384493,0.001,1,127,0,1.003,3,0.188
321.0433512,0.001,1,127,0,1.002,3,0.21
322.0031667,0.001,1,127,0,1.002,3,0.213
323.0016341,0.001,1,127,0,1.001,3,0.207
324.0028007,0.001,1,127,0,1.001,3,0.207
325.0030656,0.001,1,127,0,1.001,3,0.229
326.0026097,0.001,1,127,0,1,3,0.212
327.0063233,0.001,1,127,0,0.997,3,0.201
328.0049739,0.001,1,127,0,0.998,3,0.203
329.0018618,0.001,1,127,0,1,3,0.207
330.0033045,0.001,1,127,0,1,3,0.196
331.0028532,0.001,1,127,0,1.001,3,0.195
332.0024545,0.001,1,127,0,1.004,3,0.224
333.0030851,0.001,1,127,0,1.001,3,0.223
334.0032661,0.001,1,127,0,1.002,3,0.228
335.002131,0.001,1,127,0,1.003,3,0.211
336.0040865,0.001,1,127,0,1.002,3,0.217
337.0053163,0.001,1,127,0,1.001,3,0.225
338.0035589,0.001,1,127,0,0.997,3,0.227
339.0055463,0.001,1,127,0,1.002,3,0.222
340.0044,0.001,1,127,0,0.997,3,0.214
341.0052588,0.001,1,127,0,0.997,3,0.222
342.0057805,0.001,1,127,0,0.998,3,0.191
343.0051537,0.001,1,127,0,1,3,0.216
344.0031173,0.001,1,127,0,0.995,3,0.211
345.002445,0.001,1,127,0,0.998,3,0.222
346.0037701,0.001,1,127,0,1.003,3,0.214
347.0798926,0.001,1,127,0,1.001,3,0.236
348.0856767,0.001,1,127,0,1.001,3,0.23
349.1042631,0.001,1,127,0,1.003,3,0.206
350.2852931,0.001,1,127,0,1.003,3,0.221
351.0066116,0.001,1,127,0,1.003,3,0.222
352.0064437,0.001,1,127,0,1.002,3,0.214
353.0084834,0.001,1,127,0,0.998,3,0.217
354.0045943,0.001,1,127,0,0.998,3,0.216
355.01266,0.001,1,127,0,0.997,3,0.218
356.0197937,0.001,1,127,0,1.001,3,0.213
357.023016,0.001,1,127,0,0.998,3,0.218
358.0357273,0.001,1,127,0,1,3,0.211
359.0496416,0.001,1,127,0,1.002,3,0.214
360.0285513,0.001,1,127,0,0.996,3,0.226
361.0079823,0.001,1,127,0,1,3,0.227
362.0039897,0.001,1,127,0,1,3,0.225
363.0064759,0.001,1,127,0,1.002,3,0.224
364.0063465,0.001,1,127,0,1,3,0.214
365.0029619,0.001,1,127,0,1,3,0.216
366.0036757,0.001,1,127,0,1.002,3,0.204
367.0042856,0.001,1,127,0,1.002,3,0.215
368.0034754,0.001,1,127,0,0.998,3,0.22
369.007555,0.001,1,127,0,1,3,0.22
370.0089576,0.001,1,127,0,0.998,3,0.223
371.0040402,0.001,1,127,0,0.997,3,0.212
372.0057101,0.001,1,127,0,1,3,0.214
373.0147283,0.001,1,127,0,0.998,3,0.221
374.0053763,0.001,1,127,0,1,3,0.22
375.0042479,0.001,1,127,0,1.001,3,0.203
376.0043809,0.001,1,127,0,1.002,3,0.212
377.0044668,0.001,1,127,0,1.002,3,0.223
378.0044272,0.001,1,127,0,1,3,0.21
379.0072725,0.001,1,127,0,1.001,3,0.215
380.0046732,0.001,1,127,0,0.998,3,0.232
381.0043375,0.001,1,127,0,1.003,3,0.22
382.0037453,0.001,1,127,0,0.998,3,0.212
383.0045867,0.001,1,127,0,1,3,0.212
384.0046685,0.001,1,127,0,0.998,3,0.22
385.0035186,0.001,1,127,0,0.997,3,0.21
386.0044014,0.001,1,127,0,1.002,3,0.218
387.0057056,0.001,1,127,0,1,4,0.228
388.0062752,0.001,1,127,0,1,4,0.221
389.0077534,0.001,1,127,0,0.998,4,0.229
390.0052905,0.001,1,127,0,1.001,4,0.235
391.0076971,0.001,1,127,0,1.003,4,0.221
392.0077152,0.001,1,127,0,1,4,0.216
393.0101838,0.001,1,127,0,1.002,4,0.229
394.0084348,0.001,1,127,0,1.002,4,0.214
395.0065911,0.001,1,127,0,1.001,4,0.207
396.020577,0.001,1,127,0,1.001,4,0.211
397.0288,0.001,1,127,0,1.001,4,0.186
398.0368342,0.001,1,127,0,0.998,4,0.171
399.00857,0.001,1,127,0,1,4,0.191
400.0506995,0.001,1,127,0,1,4,0.2
401.0585978,0.001,1,127,0,1,4,0.187
402.0093379,0.001,1,127,0,0.998,4,0.186
403.0070343,0.001,1,127,0,0.997,4,0.206
404.0056145,0.001,1,127,0,0.998,4,0.251
405.0041797,0.001,1,127,0,1.003,4,0.236
406.0036485,0.001,1,127,0,0.998,4,0.215
407.0719645,0.001,1,127,0,1.002,4,0.229
408.0767102,0.001,1,127,0,0.996,4,0.236
409.0927482,0.001,1,127,0,1.001,4,0.22
410.1007786,0.001,1,127,0,1,4,0.215
411.0080659,0.001,1,127,0,1.002,4,0.212
412.0079091,0.001,1,127,0,1.001,4,0.204
413.0048437,0.001,1,127,0,1.002,4,0.219
414.0047562,0.001,1,127,0,1.003,4,0.2
415.0062096,0.001,1,127,0,0.996,4,0.221
416.0044205,0.001,1,127,0,0.998,4,0.227
417.004694,0.001,1,127,0,0.996,4,0.232
418.0041311,0.001,1,127,0,1,4,0.221
419.0090618,0.001,1,127,0,1.002,4,0.227
420.0406494,0.001,1,127,0,1.001,4,0.239
421.010236,0.001,1,127,0,1,4,0.226
422.0059304,0.001,1,127,0,1,4,0.214
423.0074296,0.001,1,127,0,1.002,4,0.227
424.0089316,0.001,1,127,0,1.003,4,0.227
425.007977,0.001,1,127,0,1.001,4,0.209
426.008368,0.001,1,127,0,1.001,4,0.19
427.0103579,0.001,1,127,0,1,4,0.185
428.0040915,0.001,1,127,0,1.001,4,0.207
429.0551503,0.001,1,127,0,0.997,4,0.217
430.0057552,0.001,1,127,0,0.998,4,0.193
431.0054309,0.001,1,127,0,0.998,4,0.212
432.0042505,0.001,1,127,0,1,4,0.188
433.0058091,0.001,1,127,0,1,4,0.198
434.0055394,0.001,1,127,0,0.998,4,0.196
435.0044725,0.001,1,127,0,1.001,4,0.19
436.013344,0.001,1,127,0,1.002,4,0.186
437.007292,0.001,1,127,0,1.003,4,0.212
438.0183389,0.001,1,127,0,1.002,4,0.203
439.0309734,0.001,1,127,0,1.002,4,0.215
440.0237975,0.001,1,127,0,1,4,0.217
441.0330708,0.001,1,127,0,1.001,4,0.215
442.0334973,0.001,1,127,0,1.002,4,0.225
443.0356696,0.001,1,127,0,1,4,0.221
444.0505047,0.001,1,127,0,0.998,4,0.215
445.0073397,0.001,1,127,0,0.996,4,0.202
446.0049067,0.001,1,127,0,1,4,0.219
447.0062251,0.001,1,127,0,0.998,4,0.216
448.0051398,0.001,1,127,0,0.998,4,0.225
449.010299,0.001,1,127,0,1.001,4,0.218
450.0106499,0.001,1,127,0,1.001,4,0.214
451.0106738,0.001,1,127,0,1,4,0.216
452.0088518,0.001,1,127,0,1.002,4,0.227
453.0092309,0.001,1,127,0,1,4,0.218
454.0154657,0.001,1,127,0,1.004,4,0.221
455.0072577,0.001,1,127,0,1.001,4,0.227
456.0094032,0.001,1,127,0,1.002,4,0.205
457.0083377,0.001,1,127,0,1.003,4,0.216
458.0053365,0.001,1,127,0,0.998,4,0.222
459.0220098,0.001,1,127,0,1,4,0.217
460.0071831,0.001,1,127,0,0.997,4,0.222
461.0062218,0.001,1,127,0,1,4,0.24
462.0085201,0.001,1,127,0,0.997,4,0.224
463.0099854,0.001,1,127,0,1,4,0.227
464.0088294,0.001,1,127,0,1.001,4,0.233
465.0106268,0.001,1,127,0,1,4,0.207
466.0079885,0.001,1,127,0,1.003,4,0.205
467.0713408,0.001,1,127,0,1.001,4,0.204
468.2420914,0.001,1,127,0,1.001,4,0.215
469.0902667,0.001,1,127,0,1.002,4,0.191
470.1239252,0.001,1,127,0,1.002,4,0.193
471.0057316,0.001,1,127,0,1,4,0.214
472.0064619,0.001,1,127,0,1.001,4,0.198
473.007761,0.001,1,127,0,1,4,0.189
474.0076966,0.001,1,127,0,1,4,0.2
475.0078676,0.001,1,127,0,0.997,4,0.222
476.0073013,0.001,1,127,0,0.998,4,0.23
477.0254772,0.001,1,127,0,1,4,0.215
478.0280247,0.001,1,127,0,1.001,4,0.221
479.0312774,0.001,1,127,0,1.003,4,0.232
480.0296197,0.001,1,127,0,1.001,4,0.213
481.0562921,0.001,1,127,0,1.002,4,0.205
482.0525956,0.001,1,127,0,1.003,4,0.241
483.0110319,0.001,1,127,0,1.002,4,0.213
484.0113001,0.001,1,127,0,1.002,4,0.223
485.0063221,0.001,1,127,0,1.001,4,0.22
486.0065842,0.001,1,127,0,1.002,4,0.212
487.0104694,0.001,1,127,0,0.997,4,0.198
488.0123625,0.001,1,127,0,1,4,0.207
489.0104642,0.001,1,127,0,1,4,0.22
490.0103002,0.001,1,127,0,0.996,4,0.206
491.0050535,0.001,1,127,0,1,4,0.199
492.0058835,0.001,1,127,0,0.997,4,0.191
493.0066767,0.001,1,127,0,1,4,0.187
494.0060673,0.001,1,127,0,1,4,0.198
495.0061641,0.001,1,127,0,1.001,4,0.207
496.0089486,0.001,1,127,0,1.002,4,0.228
497.0092797,0.001,1,127,0,1.003,4,0.219
498.0062001,0.001,1,127,0,0.998,4,0.218
499.0111146,0.001,1,127,0,1.001,4,0.232
500.0097625,0.001,1,127,0,1,4,0.221
501.0112107,0.001,1,127,0,1.003,4,0.216
502.0090749,0.001,1,127,0,1.001,4,0.219
503.0079708,0.001,1,127,0,1.001,4,0.207
504.0062296,0.001,1,127,0,0.998,4,0.202
505.0069137,0.001,1,127,0,0.998,4,0.199
506.0075936,0.001,1,127,0,0.998,4,0.2
507.0071723,0.001,1,127,0,1.001,4,0.187
508.0099819,0.001,1,127,0,1,5,0.201
509.0097625,0.001,1,127,0,1,5,0.202
510.0101445,0.001,1,127,0,1,5,0.201
511.0088067,0.001,1,127,0,0.998,5,0.199
512.0092511,0.001,1,127,0,1,5,0.214
513.0073187,0.001,1,127,0,1.001,5,0.212
514.0219023,0.001,1,127,0,1.003,5,0.204
515.0264058,0.001,1,127,0,1.001,5,0.243
516.0274656,0.001,1,127,0,1,5,0.229
517.0211973,0.001,1,127,0,1.002,5,0.225
518.0326066,0.001,1,127,0,1.001,5,0.218
519.0433917,0.001,1,127,0,1,5,0.217
520.0441937,0.001,1,127,0,0.994,5,0.208
521.0495594,0.001,1,127,0,1,5,0.207
522.0078721,0.001,1,127,0,0.997,5,0.223
523.0095065,0.001,1,127,0,1,5,0.23
524.0113018,0.001,1,127,0,1,5,0.223
525.0093441,0.001,1,127,0,1.001,5,0.223
526.0098922,0.001,1,127,0,1.002,5,0.208
527.0701909,0.001,1,127,0,1.003,5,0.219
528.0700078,0.001,1,127,0,1.002,5,0.208
529.0881834,0.001,1,127,0,1.001,5,0.213
530.2676854,0.001,1,127,0,0.998,5,0.223
531.0076029,0.001,1,127,0,1.003,5,0.236
532.0231957,0.001,1,127,0,0.997,5,0.232
533.0099106,0.001,1,127,0,0.998,5,0.215
534.0116675,0.001,1,127,0,0.996,5,0.221
535.011761,0.001,1,127,0,0.996,5,0.196
536.0115807,0.001,1,127,0,0.998,5,0.196
537.0108023,0.001,1,127,0,1.001,5,0.206
538.0114973,0.001,1,127,0,0.998,5,0.211
539.0096393,0.001,1,127,0,0.998,5,0.204
540.0104799,0.001,1,127,0,1.001,5,0.203
541.0108557,0.001,1,127,0,1.001,5,0.207
542.0078011,0.001,1,127,0,1.001,5,0.194
543.0083463,0.001,1,127,0,1.002,5,0.21
544.0083101,0.001,1,127,0,1.001,5,0.214
545.0076523,0.001,1,127,0,1.003,5,0.222
546.0119464,0.001,1,127,0,1.003,5,0.21
547.0124977,0.001,1,127,0,0.997,5,0.212
548.0090168,0.001,1,127,0,1,5,0.223
549.0096796,0.001,1,127,0,0.998,5,0.22
550.0135789,0.001,1,127,0,0.995,5,0.209
551.0113499,0.001,1,127,0,1,5,0.213
552.0122275,0.001,1,127,0,1,5,0.199
553.0193353,0.001,1,127,0,0.998,5,0.198
554.0182645,0.001,1,127,0,1.001,5,0.19
555.0113328,0.001,1,127,0,1,5,0.198
556.0303116,0.001,1,127,0,1,5,0.185
557.0289314,0.001,1,127,0,1.002,5,0.18
558.0538948,0.001,1,127,0,0.998,5,0.187
559.0575705,0.001,1,127,0,1.002,5,0.172
560.0100873,0.001,1,127,0,0.997,5,0.169
561.0101025,0.001,1,127,0,1.002,5,0.203
562.0114861,0.001,1,127,0,0.998,5,0.199
563.0146439,0.001,1,127,0,1,5,0.22
564.0099623,0.001,1,127,0,0.998,5,0.223
565.010211,0.001,1,127,0,0.998,5,0.247
566.0093298,0.001,1,127,0,1.001,5,0.249
567.0090036,0.001,1,127,0,0.997,5,0.246
568.008436,0.001,1,127,0,1,5,0.248
569.0239587,0.001,1,127,0,1.004,5,0.235
570.0136907,0.001,1,127,0,1.001,5,0.231
571.013196,0.001,1,127,0,1.001,5,0.222
572.0112872,0.001,1,127,0,1.002,5,0.195
573.007966,0.001,1,127,0,1.001,5,0.213
574.0118177,0.001,1,127,0,1.002,5,0.206
575.0117767,0.001,1,127,0,1.003,5,0.214
576.0106947,0.001,1,127,0,1.001,5,0.186
577.0111187,0.001,1,127,0,1.001,5,0.207
578.0137661,0.001,1,127,0,1,5,0.22
579.0116739,0.001,1,127,0,0.998,5,0.2
580.0111217,0.001,1,127,0,0.997,5,0.223
581.0085905,0.001,1,127,0,0.997,5,0.221
582.0087826,0.001,1,127,0,0.998,5,0.22
583.0147629,0.001,1,127,0,0.998,5,0.203
584.0132177,0.001,1,127,0,1.002,5,0.23
585.0164831,0.001,1,127,0,0.998,5,0.218
586.0131826,0.001,1,127,0,1,5,0.223
587.0734208,0.001,1,127,0,1.001,5,0.2
588.075907,0.001,1,127,0,1,5,0.187
589.2622471,0.001,1,127,0,1.003,5,0.18
590.2796814,0.001,1,127,0,0.998,5,0.19
591.00824,0.001,1,127,0,0.998,5,0.188
592.0075254,0.001,1,127,0,0.998,5,0.182
593.008847,0.001,1,127,0,1,5,0.195
594.0121639,0.001,1,127,0,0.997,5,0.191
595.0104957,0.001,1,127,0,1,5,0.202
596.0188007,0.001,1,127,0,1,5,0.197
597.0310948,0.001,1,127,0,0.998,5,0.213
598.0423908,0.001,1,127,0,0.998,5,0.225
599.0486999,0.001,1,127,0,0.998,5,0.229
600.0111277,0.001,1,127,0,1.002,5,0.245
601.0553353,0.001,1,127,0,1.001,5,0.231
602.0476823,0.001,1,127,0,1.003,5,0.211
603.0083578,0.001,1,127,0,1.001,5,0.211
604.0107162,0.001,1,127,0,1.002,5,0.209
605.0113931,0.001,1,127,0,0.998,5,0.201
606.0099988,0.001,1,127,0,0.998,5,0.206
607.0139511,0.001,1,127,0,1,5,0.197
608.0092738,0.001,1,127,0,1.001,5,0.201
609.0149069,0.001,1,127,0,0.998,5,0.203
610.0108116,0.001,1,127,0,0.998,5,0.211
611.0080163,0.001,1,127,0,1,5,0.22
612.0080562,0.001,1,127,0,1.001,5,0.206
613.0090313,0.001,1,127,0,1.001,5,0.232
614.0099726,0.001,1,127,0,1.003,5,0.248
615.0117316,0.001,1,127,0,1.001,5,0.238
616.0125353,0.001,1,127,0,1.002,5,0.224
617.0110891,0.001,1,127,0,1.003,5,0.221
618.0116777,0.001,1,127,0,1.001,5,0.205
619.0117548,0.001,1,127,0,1.004,5,0.197
620.0100763,0.001,1,127,0,1.002,5,0.192
621.0095754,0.001,1,127,0,1.001,5,0.194
622.0092175,0.001,1,127,0,0.998,5,0.212
623.0100129,0.001,1,127,0,0.996,5,0.197
624.008733,0.001,1,127,0,0.998,5,0.196
625.0114715,0.001,1,127,0,0.997,5,0.21
626.0097644,0.001,1,127,0,1,5,0.207
627.0101275,0.001,1,127,0,1.001,5,0.225
628.0114625,0.001,1,127,0,0.998,5,0.207
629.0156174,0.001,1,127,0,1.001,5,0.215
630.0138037,0.001,1,127,0,1.001,6,0.222
631.0126748,0.001,1,127,0,1.003,6,0.202
632.0115895,0.001,1,127,0,1.004,6,0.206
633.0163472,0.001,1,127,0,1,6,0.197
634.0304644,0.001,1,127,0,1.002,6,0.219
635.0189607,0.001,1,127,0,1.001,6,0.212
636.0233722,0.001,1,127,0,1,6,0.206
637.0213904,0.001,1,127,0,0.998,6,0.198
638.024276,0.001,1,127,0,0.996,6,0.197
639.0490973,0.001,1,127,0,0.998,6,0.206
640.0498259,0.001,1,127,0,0.998,6,0.201
641.0452323,0.001,1,127,0,1,6,0.212
642.0632145,0.001,1,127,0,0.997,6,0.205
643.0119796,0.001,1,127,0,1,6,0.193
644.0102575,0.001,1,127,0,1,6,0.211
645.0114017,0.001,1,127,0,1.001,6,0.209
646.0124733,0.001,1,127,0,1.001,6,0.195
647.085747,0.001,1,127,0,1.002,6,0.199
648.2523351,0.001,1,127,0,1.003,6,0.192
649.1018665,0.001,1,127,0,1,6,0.183
650.108366,0.001,1,127,0,1,6,0.188
651.0106506,0.001,1,127,0,1,6,0.189
652.0109036,0.001,1,127,0,0.997,6,0.195
653.0102944,0.001,1,127,0,0.995,6,0.187
654.0098534,0.001,1,127,0,1.002,6,0.191
655.0084612,0.001,1,127,0,0.997,6,0.188
656.0101318,0.001,1,127,0,1,6,0.194
657.0111859,0.001,1,127,0,0.998,6,0.213
658.0104988,0.001,1,127,0,1.001,6,0.205
659.0125487,0.001,1,127,0,1.003,6,0.22
660.0142305,0.001,1,127,0,1.001,6,0.21
661.0129306,0.001,1,127,0,1.001,6,0.233
662.0103159,0.001,1,127,0,1.004,6,0.236
663.0105469,0.001,1,127,0,1.001,6,0.246
664.0148127,0.001,1,127,0,1.001,6,0.266
665.0108204,0.001,1,127,0,1.001,6,0.244
666.0133262,0.001,1,127,0,1,6,0.24
667.0087965,0.001,1,127,0,1,6,0.2
668.0091949,0.001,1,127,0,0.997,6,0.206
669.0099974,0.001,1,127,0,0.998,6,0.194
670.0117385,0.001,1,127,0,0.996,6,0.201
671.0096087,0.001,1,127,0,1,6,0.172
672.0113542,0.001,1,127,0,0.998,6,0.184
673.0147233,0.001,1,127,0,1,6,0.181
674.0139782,0.001,1,127,0,1.001,6,0.222
675.0232306,0.001,1,127,0,0.998,6,0.231
676.0331712,0.001,1,127,0,1.002,6,0.218
677.0409758,0.001,1,127,0,1.004,6,0.219
678.0530388,0.001,1,127,0,1.002,6,0.201
679.043303,0.001,1,127,0,1.002,6,0.195
680.0594203,0.001,1,127,0,1.001,6,0.199
681.0577924,0.001,1,127,0,1,6,0.185
682.0163281,0.001,1,127,0,0.998,6,0.192
683.0132108,0.001,1,127,0,0.998,6,0.198
684.010628,0.001,1,127,0,1,6,0.196
685.0122025,0.001,1,127,0,0.998,6,0.212
686.0102077,0.001,1,127,0,0.998,6,0.215
687.0128601,0.001,1,127,0,1.001,6,0.213
688.0159512,0.001,1,127,0,1.001,6,0.213
689.012507,0.001,1,127,0,1.003,6,0.184
690.0147831,0.001,1,127,0,1.004,6,0.213
691.0138857,0.001,1,127,0,1.002,6,0.227
692.0124149,0.001,1,127,0,1.001,6,0.212
693.0134146,0.001,1,127,0,1.001,6,0.234
694.0109658,0.001,1,127,0,1.001,6,0.225
695.0116637,0.001,1,127,0,1.002,6,0.241
696.0107765,0.001,1,127,0,0.998,6,0.222
697.0118155,0.001,1,127,0,0.998,6,0.204
698.0117829,0.001,1,127,0,0.998,6,0.206
699.013104,0.001,1,127,0,1,6,0.214
700.0122333,0.001,1,127,0,0.995,6,0.217
701.0096948,0.001,1,127,0,0.998,6,0.207
702.0116549,0.001,1,127,0,1.001,6,0.207
703.0127118,0.001,1,127,0,1.002,6,0.204
704.0103951,0.001,1,127,0,0.998,6,0.202
705.01124,0.001,1,127,0,1.001,6,0.213
706.0124152,0.001,1,127,0,1.003,6,0.19
707.077903,0.001,1,127,0,1.003,6,0.209
708.2446005,0.001,1,127,0,1.002,6,0.203
709.093924,0.001,1,127,0,1,6,0.194
710.1076515,0.001,1,127,0,1.002,6,0.193
711.0140414,0.001,1,127,0,0.998,6,0.201
712.0136006,0.001,1,127,0,0.998,6,0.205
713.0135443,0.001,1,127,0,0.997,6,0.206
714.0148194,0.001,1,127,0,1,6,0.192
715.0484931,0.001,1,127,0,0.997,6,0.215
716.0414896,0.001,1,127,0,1.001,6,0.209
717.051801,0.001,1,127,0,0.996,6,0.184
718.0114503,0.001,1,127,0,0.997,6,0.201
719.0153794,0.001,1,127,0,1,6,0.189
720.0142376,0.001,1,127,0,1.002,6,0.177
721.0140395,0.001,1,127,0,1.002,6,0.197
722.0109253,0.001,1,127,0,1.001,6,0.205
723.0105908,0.001,1,127,0,1.001,6,0.203
724.0146968,0.001,1,127,0,1.003,6,0.194
725.0138164,0.001,1,127,0,1,6,0.238
726.013402,0.001,1,127,0,1.002,6,0.232
727.0156271,0.001,1,127,0,1.001,6,0.228
728.0172195,0.001,1,127,0,1,6,0.239
729.0153091,0.001,1,127,0,0.997,6,0.221
730.0175574,0.001,1,127,0,0.996,6,0.203
731.0114331,0.001,1,127,0,1,6,0.222
732.0128052,0.001,1,127,0,0.998,6,0.202
733.0119255,0.001,1,127,0,1,6,0.196
734.0118473,0.001,1,127,0,1.001,6,0.198
735.0137737,0.001,1,127,0,1.002,6,0.188
736.0107415,0.001,1,127,0,1.001,6,0.187
737.0106492,0.001,1,127,0,0.998,6,0.187
738.0094554,0.001,1,127,0,1.001,6,0.205
739.0142398,0.001,1,127,0,1.001,6,0.214
740.0118611,0.001,1,127,0,1.001,6,0.205
741.0115697,0.001,1,127,0,1.001,6,0.232
742.0124605,0.001,1,127,0,1.002,6,0.231
743.0144191,0.001,1,127,0,0.998,6,0.222
744.0157673,0.001,1,127,0,1,6,0.225
745.012028,0.001,1,127,0,0.996,6,0.219
746.0159125,0.001,1,127,0,0.998,6,0.193
747.0129678,0.001,1,127,0,1.002,6,0.225
748.0142915,0.001,1,127,0,0.998,6,0.23
749.0136192,0.001,1,127,0,1.001,6,0.199
750.0149684,0.001,1,127,0,1.001,6,0.224
751.0123513,0.001,1,127,0,1.002,7,0.214
752.0103097,0.001,1,127,0,1.002,7,0.194
753.0117755,0.001,1,127,0,1,7,0.218
754.0293627,0.001,1,127,0,1.004,7,0.212
755.0384524,0.001,1,127,0,1.003,7,0.185
756.0362132,0.001,1,127,0,0.998,7,0.213
757.0465121,0.001,1,127,0,0.998,7,0.199
758.0410566,0.001,1,127,0,0.996,7,0.186
759.0546167,0.001,1,127,0,1,7,0.209
760.0118399,0.001,1,127,0,0.998,7,0.219
761.0115216,0.001,1,127,0,1,7,0.193
762.0121942,0.001,1,127,0,1.001,7,0.207
763.0141518,0.001,1,127,0,1,7,0.212
764.0106895,0.001,1,127,0,1.002,7,0.232
765.0295095,0.001,1,127,0,1.002,7,0.223
766.0166202,0.001,1,127,0,1.002,7,0.228
767.0819137,0.001,1,127,0,1,7,0.208
768.0885131,0.001,1,127,0,1.001,7,0.201
769.1041136,0.001,1,127,0,1.001,7,0.213
770.1137242,0.001,1,127,0,1,7,0.207
771.0107064,0.001,1,127,0,1.002,7,0.215
772.0113041,0.001,1,127,0,1,7,0.214
773.0133107,0.001,1,127,0,1,7,0.215
774.017195,0.001,1,127,0,1.001,7,0.197
775.0167041,0.001,1,127,0,0.998,7,0.203
776.0138264,0.001,1,127,0,0.997,7,0.205
777.0145848,0.001,1,127,0,0.996,7,0.18
778.0137458,0.001,1,127,0,1.001,7,0.193
779.0119586,0.001,1,127,0,1.002,7,0.186
780.0140297,0.001,1,127,0,1.001,7,0.191
781.0111542,0.001,1,127,0,1.001,7,0.214
782.0125015,0.001,1,127,0,1.005,7,0.21
783.0121496,0.001,1,127,0,1,7,0.197
784.0118947,0.001,1,127,0,1,7,0.212
785.0112154,0.001,1,127,0,1.001,7,0.221
786.3099985,0.001,1,127,0,1.003,7,0.207
787.0650442,0.001,1,127,0,1,7,0.221
788.1066351,0.001,1,127,0,0.997,7,0.228
789.0131581,0.001,1,127,0,0.997,7,0.214
790.0155795,0.001,1,127,0,1.001,7,0.211
791.0144768,0.001,1,127,0,1.004,7,0.21
792.0200045,0.001,1,127,0,1,7,0.21
793.0208576,0.001,1,127,0,1,7,0.211
794.0289435,0.001,1,127,0,1,7,0.238
795.0358441,0.001,1,127,0,1.001,7,0.222
796.0459325,0.001,1,127,0,1.001,7,0.225
797.051286,0.001,1,127,0,1.001,7,0.227
798.0470824,0.001,1,127,0,1.003,7,0.21
799.0454831,0.001,1,127,0,1.003,7,0.208
800.0139024,0.001,1,127,0,1.001,7,0.214
801.0574236,0.001,1,127,0,1,7,0.207
802.0576687,0.001,1,127,0,1,7,0.215
803.0123332,0.001,1,127,0,0.996,7,0.208
804.0122414,0.001,1,127,0,0.998,7,0.201
805.0118771,0.001,1,127,0,1,7,0.201
806.0136409,0.001,1,127,0,1,7,0.209
807.0189991,0.001,1,127,0,1.001,7,0.203
808.0159125,0.001,1,127,0,1,7,0.207
809.0159302,0.001,1,127,0,1,7,0.202
810.0151157,0.001,1,127,0,1.001,7,0.214
811.0158908,0.001,1,127,0,1.001,7,0.222
812.0137203,0.001,1,127,0,1.007,7,0.215
813.0125947,0.001,1,127,0,1.003,7,0.211
814.0126741,0.001,1,127,0,1.002,7,0.213
815.0128503,0.001,1,127,0,1.002,7,0.202
816.0130861,0.001,1,127,0,1,7,0.222
817.0188353,0.001,1,127,0,0.998,7,0.203
818.0289295,0.001,1,127,0,0.998,7,0.221
819.0155513,0.001,1,127,0,1,7,0.222
820.017215,0.001,1,127,0,0.997,7,0.232
821.0136604,0.001,1,127,0,1,7,0.223
822.0177097,0.001,1,127,0,1,7,0.221
823.0157824,0.001,1,127,0,1.004,7,0.213
824.012181,0.001,1,127,0,1,7,0.21
825.0120022,0.001,1,127,0,1.002,7,0.208
826.0151992,0.001,1,127,0,1.001,7,0.193
827.0827355,0.001,1,127,0,1.004,7,0.188
828.0821521,0.001,1,127,0,1.002,7,0.184
829.2707984,0.001,1,127,0,1.001,7,0.188
830.2883432,0.001,1,127,0,1,7,0.175
831.0148532,0.001,1,127,0,0.998,7,0.208
832.0218909,0.001,1,127,0,0.998,7,0.193
833.0261106,0.001,1,127,0,0.998,7,0.189
834.0253615,0.001,1,127,0,1,7,0.209
835.0293336,0.001,1,127,0,1,7,0.221
836.0355158,0.001,1,127,0,1.002,7,0.218
837.0472803,0.001,1,127,0,1.001,7,0.226
838.0477111,0.001,1,127,0,1.002,7,0.234
839.0507863,0.001,1,127,0,1.001,7,0.21
840.015687,0.001,1,127,0,1.001,7,0.212
841.0163043,0.001,1,127,0,0.998,7,0.221
842.0137234,0.001,1,127,0,1.003,7,0.201
843.0128496,0.001,1,127,0,1,7,0.21
844.0164979,0.001,1,127,0,1.002,7,0.184
845.0157804,0.001,1,127,0,1,7,0.187
846.0156031,0.001,1,127,0,0.998,7,0.194
847.0167923,0.001,1,127,0,0.998,7,0.195
848.0121093,0.001,1,127,0,0.997,7,0.196
849.018254,0.001,1,127,0,1,7,0.21
850.0146732,0.001,1,127,0,0.998,7,0.204
851.0310943,0.001,1,127,0,1.001,7,0.208
852.0130036,0.001,1,127,0,1.001,7,0.203
853.0143149,0.001,1,127,0,1.001,7,0.235
854.0143039,0.001,1,127,0,1.002,7,0.215
855.0133727,0.001,1,127,0,1.003,7,0.218
856.013839,0.001,1,127,0,1.001,7,0.209
857.0138099,0.001,1,127,0,1.003,7,0.206
858.0134459,0.001,1,127,0,1.003,7,0.223
859.016556,0.001,1,127,0,0.998,7,0.22
860.0173354,0.001,1,127,0,1,7,0.208
861.0179596,0.001,1,127,0,1,7,0.201
862.0178883,0.001,1,127,0,1.001,7,0.215
863.0130229,0.001,1,127,0,0.998,7,0.202
864.0120966,0.001,1,127,0,0.998,7,0.201
865.0170608,0.001,1,127,0,0.998,7,0.196
866.0162807,0.001,1,127,0,1,7,0.189
867.0143902,0.001,1,127,0,1.002,7,0.2
868.0135858,0.001,1,127,0,1,7,0.208
869.0158594,0.001,1,127,0,1.004,7,0.195
870.0158825,0.001,1,127,0,0.997,7,0.194
871.0185418,0.001,1,127,0,1.001,7,0.197
872.0182669,0.001,1,127,0,1.002,7,0.201
873.0174158,0.001,1,127,0,1.001,8,0.204
874.0173335,0.001,1,127,0,1.002,8,0.218
875.0158284,0.001,1,127,0,0.998,8,0.2
876.0145817,0.001,1,127,0,1,8,0.217
877.0165009,0.001,1,127,0,1,8,0.216
878.0347488,0.001,1,127,0,0.997,8,0.197
879.0443602,0.001,1,127,0,0.998,8,0.21
880.0558784,0.001,1,127,0,1.001,8,0.196
881.0474186,0.001,1,127,0,1.001,8,0.187
882.0491061,0.001,1,127,0,1.001,8,0.196
883.0504339,0.001,1,127,0,1.001,8,0.193
884.0146747,0.001,1,127,0,1.004,8,0.183
885.0130243,0.001,1,127,0,1.008,8,0.208
886.0129235,0.001,1,127,0,1.003,8,0.205
887.081789,0.001,1,127,0,1.003,8,0.198
888.4279406,0.001,1,127,0,1.001,8,0.206
889.2688906,0.001,1,127,0,1.001,8,0.213
890.1179535,0.001,1,127,0,1.001,8,0.214
891.0134439,0.001,1,127,0,0.997,8,0.225
892.015254,0.001,1,127,0,0.998,8,0.219
893.0143681,0.001,1,127,0,0.997,8,0.227
894.014518,0.001,1,127,0,1.002,8,0.236
895.0146477,0.001,1,127,0,1,8,0.199
896.0153828,0.001,1,127,0,1,8,0.196
897.017494,0.001,1,127,0,1.001,8,0.186
898.0139747,0.001,1,127,0,1.005,8,0.189
899.018132,0.001,1,127,0,1.002,8,0.195
900.0164657,0.001,1,127,0,1.003,8,0.184
901.0170393,0.001,1,127,0,1.002,8,0.183
902.014149,0.001,1,127,0,1.001,8,0.188
903.0169139,0.001,1,127,0,1.003,8,0.191
904.018286,0.001,1,127,0,1,8,0.194
905.0161173,0.001,1,127,0,1.002,8,0.187
906.0181944,0.001,1,127,0,0.998,8,0.219
907.0137608,0.001,1,127,0,0.998,8,0.217
908.0139327,0.001,1,127,0,0.998,8,0.207
909.0163977,0.001,1,127,0,0.998,8,0.217
910.0159583,0.001,1,127,0,1,8,0.214
911.0145631,0.001,1,127,0,0.998,8,0.196
912.0127642,0.001,1,127,0,1,8,0.201
913.0153141,0.001,1,127,0,1,8,0.207
914.0154092,0.001,1,127,0,1.002,8,0.204
915.0169449,0.001,1,127,0,1,8,0.212
916.0239353,0.001,1,127,0,1.003,8,0.196
917.0332012,0.001,1,127,0,1.004,8,0.202
918.0447636,0.001,1,127,0,1.001,8,0.218
919.0512497,0.001,1,127,0,1.004,8,0.198
920.0432596,0.001,1,127,0,1,8,0.221
921.046114,0.001,1,127,0,1,8,0.221
922.0148559,0.001,1,127,0,1.001,8,0.199
923.0141366,0.001,1,127,0,1,8,0.219
924.0155931,0.001,1,127,0,0.998,8,0.237
925.0149431,0.001,1,127,0,1.002,8,0.22
926.0145395,0.001,1,127,0,1,8,0.225
927.0161836,0.001,1,127,0,1.001,8,0.214
928.0140281,0.001,1,127,0,1,8,0.22
929.0168812,0.001,1,127,0,1.002,8,0.224
930.0156944,0.001,1,127,0,1.001,8,0.211
931.0170603,0.001,1,127,0,1.004,8,0.212
932.0159507,0.001,1,127,0,1.004,8,0.208
933.0177634,0.001,1,127,0,0.998,8,0.198
934.0161307,0.001,1,127,0,1,8,0.209
935.0192108,0.001,1,127,0,1,8,0.205
936.0172529,0.001,1,127,0,0.998,8,0.206
937.0182738,0.001,1,127,0,1,8,0.216
938.0144155,0.001,1,127,0,1,8,0.219
939.0158424,0.001,1,127,0,1,8,0.203
940.0180666,0.001,1,127,0,1,8,0.207
941.0170147,0.001,1,127,0,1.001,8,0.212
942.0160115,0.001,1,127,0,0.998,8,0.197
943.0152013,0.001,1,127,0,1.003,8,0.21
944.0149238,0.001,1,127,0,1.002,8,0.19
945.0171764,0.001,1,127,0,1.003,8,0.198
946.0157962,0.001,1,127,0,1.001,8,0.205
947.0859632,0.001,1,127,0,1.003,8,0.202
948.2530844,0.001,1,127,0,1,8,0.211
949.0968156,0.001,1,127,0,1.002,8,0.21
950.1131334,0.001,1,127,0,1.003,8,0.2
951.0151229,0.001,1,127,0,1.002,8,0.201
952.019557,0.001,1,127,0,1.001,8,0.225
953.0157082,0.001,1,127,0,0.997,8,0.192
954.0152209,0.001,1,127,0,1,8,0.196
955.0137148,0.001,1,127,0,0.998,8,0.204
956.0150673,0.001,1,127,0,1.003,8,0.186
957.0149186,0.001,1,127,0,1.001,8,0.184
958.0220621,0.001,1,127,0,1.001,8,0.212
959.023443,0.001,1,127,0,1.002,8,0.2
960.0192804,0.001,1,127,0,1.003,8,0.21
961.0367551,0.001,1,127,0,1.003,8,0.223
962.0366342,0.001,1,127,0,1.004,8,0.203
963.0449522,0.001,1,127,0,1,8,0.202
964.0603242,0.001,1,127,0,1.002,8,0.226
965.0199249,0.001,1,127,0,1.001,8,0.204
966.019717,0.001,1,127,0,0.998,8,0.216
967.0181036,0.001,1,127,0,1,8,0.232
968.0191844,0.001,1,127,0,1,8,0.208
969.0187533,0.001,1,127,0,1.001,8,0.207
970.0256608,0.001,1,127,0,1,8,0.209
971.0522354,0.001,1,127,0,1,8,0.199
972.0182166,0.001,1,127,0,1.002,8,0.213
973.0195129,0.001,1,127,0,0.998,8,0.202
974.015352,0.001,1,127,0,1.003,8,0.183
975.0205739,0.001,1,127,0,1.003,8,0.218
976.0223072,0.001,1,127,0,1.002,8,0.221
977.0168321,0.001,1,127,0,1.001,8,0.211
978.0180881,0.001,1,127,0,1.001,8,0.216
979.0180168,0.001,1,127,0,1.002,8,0.217
980.0148401,0.001,1,127,0,1.001,8,0.201
981.0164611,0.001,1,127,0,0.998,8,0.222
982.0151713,0.001,1,127,0,0.998,8,0.208
983.0157979,0.001,1,127,0,1,8,0.195
984.0151434,0.001,1,127,0,1,8,0.208
985.0170274,0.001,1,127,0,1,8,0.206
986.0158138,0.001,1,127,0,1.001,8,0.198
987.0154316,0.001,1,127,0,1.005,8,0.223
988.0209119,0.001,1,127,0,1.001,8,0.218
989.0205216,0.001,1,127,0,1.003,8,0.21
990.0192702,0.001,1,127,0,1,8,0.212
991.0180972,0.001,1,127,0,1.002,8,0.197
992.0177622,0.001,1,127,0,1.003,8,0.191
993.0153763,0.001,1,127,0,1.001,8,0.197
994.0163748,0.001,1,127,0,1.003,9,0.196
995.0158877,0.001,1,127,0,1.002,9,0.201
996.01841,0.001,1,127,0,0.998,9,0.207
997.0190678,0.001,1,127,0,1.001,9,0.203
998.0214043,0.001,1,127,0,1.001,9,0.205
999.0333622,0.001,1,127,0,1.001,9,0.223
1000.040998,0.001,1,127,0,1.001,9,0.21
1001.049259,0.001,1,127,0,1.004,9,0.204
1002.053011,0.001,1,127,0,1.003,9,0.204
1003.053921,0.001,1,127,0,1.002,9,0.188
1004.058704,0.001,1,127,0,1.001,9,0.194
1005.058088,0.001,1,127,0,1.004,9,0.203
1006.016634,0.001,1,127,0,1.002,9,0.193
1007.087786,0.001,1,127,0,1.003,9,0.194
1008.105986,0.001,1,127,0,1.001,9,0.2
1009.11566,0.001,1,127,0,1.001,9,0.193
1010.145352,0.001,1,127,0,1.001,9,0.192
1011.015353,0.001,1,127,0,0.996,9,0.213
1012.022677,0.001,1,127,0,0.998,9,0.211
1013.026021,0.001,1,127,0,0.998,9,0.199
1014.017363,0.001,1,127,0,1.001,9,0.216
1015.017526,0.001,1,127,0,1.002,9,0.213
1016.032857,0.001,1,127,0,1.001,9,0.204
1017.01622,0.001,1,127,0,1.001,9,0.206
1018.018525,0.001,1,127,0,1.001,9,0.207
1019.018361,0.001,1,127,0,1.003,9,0.214
1020.062239,0.001,1,127,0,1.003,9,0.224
1021.016286,0.001,1,127,0,1.002,9,0.233
1022.017273,0.001,1,127,0,1.002,9,0.223
1023.018147,0.001,1,127,0,1.001,9,0.227
1024.015698,0.001,1,127,0,1,9,0.211
1025.016751,0.001,1,127,0,1.002,9,0.234
1026.03594,0.001,1,127,0,1,9,0.24
1027.022813,0.001,1,127,0,1,9,0.221
1028.017079,0.001,1,127,0,0.998,9,0.218
1029.0211,0.001,1,127,0,1,9,0.207
1030.01649,0.001,1,127,0,1.003,9,0.186
1031.020088,0.001,1,127,0,1,9,0.216
1032.017627,0.001,1,127,0,1.003,9,0.199
1033.020004,0.001,1,127,0,1.004,9,0.197
1034.01684,0.001,1,127,0,1.004,9,0.199
1035.016298,0.001,1,127,0,1.003,9,0.203
1036.018437,0.001,1,127,0,1.001,9,0.215
1037.034334,0.001,1,127,0,1.002,9,0.224
1038.020882,0.001,1,127,0,1.004,9,0.212
1039.039385,0.001,1,127,0,1.003,9,0.216
1040.036446,0.001,1,127,0,1.002,9,0.214
1041.040193,0.001,1,127,0,1,9,0.207
1042.042523,0.001,1,127,0,1.001,9,0.212
1043.035422,0.001,1,127,0,1,9,0.21
1044.048549,0.001,1,127,0,0.996,9,0.195
1045.048271,0.001,1,127,0,1.001,9,0.188
1046.054842,0.001,1,127,0,1,9,0.189
1047.090668,0.001,1,127,0,1,9,0.188
1048.02084,0.001,1,127,0,1.003,9,0.202
1049.023879,0.001,1,127,0,1.001,9,0.181
1050.019855,0.001,1,127,0,1.002,9,0.174
1051.021407,0.001,1,127,0,1.001,9,0.207
1052.017944,0.001,1,127,0,1.005,9,0.209
1053.017258,0.001,1,127,0,1.001,9,0.189
1054.022355,0.001,1,127,0,1,9,0.224
1055.019264,0.001,1,127,0,1.002,9,0.207
1056.01688,0.001,1,127,0,1.002,9,0.208
1057.019249,0.001,1,127,0,1,9,0.235
1058.018882,0.001,1,127,0,1.001,9,0.23
1059.0199,0.001,1,127,0,1.002,9,0.219
1060.021432,0.001,1,127,0,1.001,9,0.218
1061.016955,0.001,1,127,0,1.001,9,0.204
1062.018007,0.001,1,127,0,1,9,0.217
1063.021984,0.001,1,127,0,1.003,9,0.198
1064.023696,0.001,1,127,0,1.003,9,0.196
1065.021398,0.001,1,127,0,1.005,9,0.201
1066.017251,0.001,1,127,0,1.002,9,0.19
1067.084047,0.001,1,127,0,1,9,0.207
1068.090683,0.001,1,127,0,1.001,9,0.21
1069.11244,0.001,1,127,0,1,9,0.193
1070.294284,0.001,1,127,0,1,9,0.205
1071.034535,0.001,1,127,0,1,9,0.216
1072.018741,0.001,1,127,0,0.998,9,0.204
1073.016237,0.001,1,127,0,1,9,0.215
1074.027246,0.001,1,127,0,0.998,9,0.204
1075.01715,0.001,1,127,0,1.001,9,0.188
1076.017453,0.001,1,127,0,1.003,9,0.209
1077.019192,0.001,1,127,0,1.007,9,0.193
1078.021019,0.001,1,127,0,1.004,9,0.182
1079.034939,0.001,1,127,0,1.001,9,0.203
1080.025863,0.001,1,127,0,1,9,0.192
1081.05219,0.001,1,127,0,1.002,9,0.197
1082.054311,0.001,1,127,0,1.004,9,0.212
1083.058243,0.001,1,127,0,1.003,9,0.208
1084.026715,0.001,1,127,0,1,9,0.205
1085.020668,0.001,1,127,0,0.998,9,0.217
1086.022626,0.001,1,127,0,0.997,9,0.215
1087.023861,0.001,1,127,0,0.998,9,0.215
1088.020329,0.001,1,127,0,1.001,9,0.22
1089.02171,0.001,1,127,0,1.001,9,0.209
1090.022743,0.001,1,127,0,1,9,0.216
1091.017691,0.001,1,127,0,0.998,9,0.207
1092.017319,0.001,1,127,0,1.001,9,0.211
1093.017327,0.001,1,127,0,1.001,9,0.208
1094.017186,0.001,1,127,0,1.002,9,0.191
1095.021343,0.001,1,127,0,1.001,9,0.209
1096.034669,0.001,1,127,0,1.001,9,0.205
1097.021649,0.001,1,127,0,1.003,9,0.188
1098.019226,0.001,1,127,0,1.003,9,0.2
1099.019734,0.001,1,127,0,1,9,0.196
1100.020914,0.001,1,127,0,1.001,9,0.185
1101.019798,0.001,1,127,0,1,9,0.185
1102.016354,0.001,1,127,0,1,9,0.2
1103.017169,0.001,1,127,0,1.001,9,0.189
1104.020231,0.001,1,127,0,1,9,0.205
1105.017136,0.001,1,127,0,1.001,9,0.208
1106.018162,0.001,1,127,0,1.003,9,0.211
1107.020782,0.001,1,127,0,1.002,9,0.22
1108.018199,0.001,1,127,0,1.002,9,0.216
1109.060947,0.001,1,127,0,1.001,9,0.224
1110.021813,0.001,1,127,0,1.003,9,0.213
1111.018203,0.001,1,127,0,1.002,9,0.213
1112.018373,0.001,1,127,0,1.002,9,0.216
1113.01893,0.001,1,127,0,1.001,9,0.2
1114.018279,0.001,1,127,0,1,9,0.202
1115.017499,0.001,1,127,0,1,9,0.21
1116.039687,0.001,1,127,0,0.998,10,0.213
1117.021456,0.001,1,127,0,1.001,10,0.203
1118.024043,0.001,1,127,0,1,10,0.205
1119.040181,0.001,1,127,0,1.001,10,0.2
1120.032663,0.001,1,127,0,0.997,10,0.199
1121.019561,0.001,1,127,0,1.003,10,0.191
1122.058313,0.001,1,127,0,1.002,10,0.196
1123.022333,0.001,1,127,0,1.002,10,0.187
1124.01936,0.001,1,127,0,1.003,10,0.174
1125.017879,0.001,1,127,0,1.004,10,0.212
1126.037117,0.001,1,127,0,1.001,10,0.213
1127.088253,0.001,1,127,0,1.003,10,0.17
1128.091274,0.001,1,127,0,1.001,10,0.202
1129.26989,0.001,1,127,0,1.001,10,0.203
1130.119069,0.001,1,127,0,1.002,10,0.193
1131.01874,0.001,1,127,0,0.998,10,0.204
1132.02255,0.001,1,127,0,0.997,10,0.199
1133.022886,0.001,1,127,0,0.996,10,0.194
1134.020732,0.001,1,127,0,1,10,0.215
1135.01778,0.001,1,127,0,0.998,10,0.204
1136.019601,0.001,1,127,0,1,10,0.182
1137.018358,0.001,1,127,0,1.003,10,0.202
1138.020396,0.001,1,127,0,1.004,10,0.209
1139.022356,0.001,1,127,0,1.003,10,0.205
1140.022467,0.001,1,127,0,1.002,10,0.19
1141.02027,0.001,1,127,0,1.002,10,0.199
1142.018686,0.001,1,127,0,1.004,10,0.228
1143.020922,0.001,1,127,0,1,10,0.225
1144.01969,0.001,1,127,0,0.998,10,0.216
1145.019019,0.001,1,127,0,1,10,0.224
1146.01795,0.001,1,127,0,1,10,0.206
1147.018296,0.001,1,127,0,0.998,10,0.212
1148.018896,0.001,1,127,0,0.998,10,0.201
1149.021902,0.001,1,127,0,1.001,10,0.205
1150.022918,0.001,1,127,0,1.002,10,0.204
1151.018421,0.001,1,127,0,1,10,0.22
1152.030355,0.001,1,127,0,1.002,10,0.21
1153.023762,0.001,1,127,0,1.005,10,0.22
1154.038432,0.001,1,127,0,1.003,10,0.197
1155.037318,0.001,1,127,0,1.002,10,0.222
1156.054181,0.001,1,127,0,1.001,10,0.216
1157.021372,0.001,1,127,0,1.002,10,0.198
1158.023598,0.001,1,127,0,1.002,10,0.202
1159.019613,0.001,1,127,0,0.997,10,0.178
1160.023383,0.001,1,127,0,1.001,10,0.173
1161.022644,0.001,1,127,0,0.998,10,0.191
1162.018435,0.001,1,127,0,1.001,10,0.189
1163.018823,0.001,1,127,0,1.001,10,0.165
1164.018765,0.001,1,127,0,1.001,10,0.219
1165.018727,0.001,1,127,0,1.002,10,0.223
1166.019587,0.001,1,127,0,1.001,10,0.202
1167.018369,0.001,1,127,0,1.003,10,0.251
1168.019595,0.001,1,127,0,1.001,10,0.242
1169.022887,0.001,1,127,0,1.001,10,0.225
1170.024133,0.001,1,127,0,1.003,10,0.233
1171.021525,0.001,1,127,0,1.004,10,0.193
1172.021871,0.001,1,127,0,1.001,10,0.205
1173.020073,0.001,1,127,0,1.001,10,0.199
1174.029878,0.001,1,127,0,1.001,10,0.21
1175.020304,0.001,1,127,0,1.002,10,0.21
1176.019512,0.001,1,127,0,1,10,0.209
1177.024553,0.001,1,127,0,0.998,10,0.217
1178.020321,0.001,1,127,0,1.001,10,0.203
1179.023566,0.001,1,127,0,1,10,0.192
1180.018656,0.001,1,127,0,1,10,0.211
1181.0201,0.001,1,127,0,1.002,10,0.188
1182.018526,0.001,1,127,0,1.002,10,0.187
1183.018515,0.001,1,127,0,1.003,10,0.19
1184.018656,0.001,1,127,0,1.003,10,0.191
1185.019059,0.001,1,127,0,1.004,10,0.215
1186.018867,0.001,1,127,0,1.004,10,0.214
1187.091363,0.001,1,127,0,1.001,10,0.187
1188.260636,0.001,1,127,0,1.002,10,0.211
1189.101027,0.001,1,127,0,1,10,0.208
1190.124804,0.001,1,127,0,1.001,10,0.204
1191.024873,0.001,1,127,0,0.998,10,0.223
1192.021611,0.001,1,127,0,1,10,0.196
1193.051116,0.001,1,127,0,1,10,0.204
1194.085854,0.001,1,127,0,1,10,0.197
1195.038481,0.001,1,127,0,1.002,10,0.192
1196.045899,0.001,1,127,0,0.998,10,0.191
1197.041879,0.001,1,127,0,1.003,10,0.193
1198.051394,0.001,1,127,0,1.001,10,0.189
1199.066372,0.001,1,127,0,1.002,10,0.187
1200.06926,0.001,1,127,0,1.003,10,0.197
1201.022151,0.001,1,127,0,1.002,10,0.182
1202.019903,0.001,1,127,0,1.003,10,0.227
1203.019514,0.001,1,127,0,0.998,10,0.231
1204.021537,0.001,1,127,0,1.002,10,0.232
1205.021206,0.001,1,127,0,1,10,0.227
1206.023629,0.001,1,127,0,0.998,10,0.231
1207.022572,0.001,1,127,0,1,10,0.216
1208.020272,0.001,1,127,0,1.002,10,0.225
1209.024353,0.001,1,127,0,1.001,10,0.212
1210.022041,0.001,1,127,0,1.001,10,0.213
1211.019695,0.001,1,127,0,1.002,10,0.219
1212.037831,0.001,1,127,0,1.003,10,0.197
1213.021824,0.001,1,127,0,1.003,10,0.205
1214.019848,0.001,1,127,0,1.003,10,0.2
1215.020436,0.001,1,127,0,1.002,10,0.196
1216.02125,0.001,1,127,0,1.001,10,0.22
1217.022924,0.001,1,127,0,1.002,10,0.202
1218.020377,0.001,1,127,0,1.001,10,0.186
1219.021886,0.001,1,127,0,1,10,0.208
1220.02047,0.001,1,127,0,1.002,10,0.208
1221.02073,0.001,1,127,0,1,10,0.214
1222.02084,0.001,1,127,0,1.001,10,0.21
1223.023505,0.001,1,127,0,1,10,0.19
1224.022256,0.001,1,127,0,1.001,10,0.21
1225.020143,0.001,1,127,0,1.001,10,0.204
1226.020695,0.001,1,127,0,1.003,10,0.204
1227.020965,0.001,1,127,0,1.004,10,0.216
1228.019832,0.001,1,127,0,1.004,10,0.209
1229.023108,0.001,1,127,0,1.003,10,0.198
1230.024392,0.001,1,127,0,1.003,10,0.204
1231.02225,0.001,1,127,0,1,10,0.192
1232.020317,0.001,1,127,0,1.001,10,0.192
1233.020746,0.001,1,127,0,1.002,10,0.209
1234.021498,0.001,1,127,0,0.997,10,0.193
1235.029944,0.001,1,127,0,1,10,0.186
1236.043426,0.001,1,127,0,1.001,10,0.21
1237.039626,0.001,1,127,0,0.997,11,0.202
1238.052408,0.001,1,127,0,1.001,11,0.207
1239.065063,0.001,1,127,0,1,11,0.215
1240.023383,0.001,1,127,0,1.002,11,0.211
1241.024862,0.001,1,127,0,1.003,11,0.238
1242.029102,0.001,1,127,0,1.003,11,0.242
1243.02014,0.001,1,127,0,1.003,11,0.228
1244.020785,0.001,1,127,0,1.003,11,0.24
1245.020265,0.001,1,127,0,1.002,11,0.22
1246.021414,0.001,1,127,0,1.004,11,0.227
1247.09639,0.001,1,127,0,1.002,11,0.224
1248.270777,0.001,1,127,0,1,11,0.205
1249.115179,0.001,1,127,0,1,11,0.216
1250.133773,0.001,1,127,0,1,11,0.202
1251.025834,0.001,1,127,0,1.001,11,0.212
1252.021399,0.001,1,127,0,1,11,0.204
1253.022347,0.001,1,127,0,1,11,0.187
1254.021512,0.001,1,127,0,1.003,11,0.168
1255.024125,0.001,1,127,0,1.002,11,0.228
1256.025125,0.001,1,127,0,1.001,11,0.209
1257.026001,0.001,1,127,0,1.003,11,0.211
1258.02418,0.001,1,127,0,1.002,11,0.223
1259.025439,0.001,1,127,0,1.001,11,0.2
1260.067697,0.001,1,127,0,1.002,11,0.217
1261.021197,0.001,1,127,0,1,11,0.193
1262.023046,0.001,1,127,0,1.003,11,0.193
1263.022036,0.001,1,127,0,1,11,0.186
1264.01988,0.001,1,127,0,1,11,0.177
1265.021998,0.001,1,127,0,1,11,0.197
1266.021621,0.001,1,127,0,1.001,11,0.195
1267.020042,0.001,1,127,0,1.001,11,0.197
1268.021448,0.001,1,127,0,1.001,11,0.203
1269.02404,0.001,1,127,0,1.001,11,0.21
1270.021675,0.001,1,127,0,1.002,11,0.209
1271.02165,0.001,1,127,0,1.001,11,0.193
1272.031592,0.001,1,127,0,1.001,11,0.189
1273.021986,0.001,1,127,0,1.003,11,0.208
1274.021014,0.001,1,127,0,1.002,11,0.204
1275.029885,0.001,1,127,0,1.003,11,0.189
1276.021219,0.001,1,127,0,1.001,11,0.212
1277.023405,0.001,1,127,0,1.001,11,0.201
1278.042282,0.001,1,127,0,0.998,11,0.196
1279.042571,0.001,1,127,0,1.001,11,0.197
1280.040999,0.001,1,127,0,1.002,11,0.207
1281.061331,0.001,1,127,0,1,11,0.209
1282.045906,0.001,1,127,0,1.001,11,0.213
1283.054305,0.001,1,127,0,1.001,11,0.219
1284.021304,0.001,1,127,0,0.998,11,0.208
1285.021197,0.001,1,127,0,1.001,11,0.212
1286.02141,0.001,1,127,0,1.004,11,0.222
1287.023024,0.001,1,127,0,1.002,11,0.224
1288.025579,0.001,1,127,0,1.003,11,0.235
1289.026011,0.001,1,127,0,1.002,11,0.216
1290.024032,0.001,1,127,0,1,11,0.203
1291.022905,0.001,1,127,0,1.002,11,0.205
1292.021191,0.001,1,127,0,1.002,11,0.21
1293.022434,0.001,1,127,0,1.003,11,0.213
1294.022534,0.001,1,127,0,0.998,11,0.21
1295.021015,0.001,1,127,0,1,11,0.205
1296.022182,0.001,1,127,0,1,11,0.19
1297.021583,0.001,1,127,0,1,11,0.211
1298.023033,0.001,1,127,0,0.998,11,0.212
1299.023896,0.001,1,127,0,1.001,11,0.207
1300.024648,0.001,1,127,0,1.003,11,0.22
1301.023636,0.001,1,127,0,1.002,11,0.215
1302.022686,0.001,1,127,0,1.002,11,0.22
1303.023561,0.001,1,127,0,1.002,11,0.226
1304.02039,0.001,1,127,0,1.003,11,0.209
1305.021657,0.001,1,127,0,1.003,11,0.207
1306.020221,0.001,1,127,0,1,11,0.188
1307.094991,0.001,1,127,0,0.998,11,0.187
1308.102976,0.001,1,127,0,1.001,11,0.184
1309.118373,0.001,1,127,0,0.996,11,0.195
1310.301952,0.001,1,127,0,1,11,0.208
1311.024056,0.001,1,127,0,0.998,11,0.189
1312.041341,0.001,1,127,0,1,11,0.195
1313.020975,0.001,1,127,0,1.001,11,0.227
1314.030779,0.001,1,127,0,1,11,0.213
1315.058962,0.001,1,127,0,1,11,0.221
1316.038584,0.001,1,127,0,1.001,11,0.227
1317.038489,0.001,1,127,0,1.003,11,0.196
1318.047496,0.001,1,127,0,1,11,0.198
1319.061337,0.001,1,127,0,1.001,11,0.19
1320.072449,0.001,1,127,0,1.004,11,0.188
1321.057111,0.001,1,127,0,1.001,11,0.188
1322.06288,0.001,1,127,0,1.001,11,0.185
1323.021884,0.001,1,127,0,1.001,11,0.189
1324.028728,0.001,1,127,0,1.002,11,0.184
1325.027126,0.001,1,127,0,1.001,11,0.187
1326.024753,0.001,1,127,0,1,11,0.192
1327.026361,0.001,1,127,0,1,11,0.188
1328.022021,0.001,1,127,0,1.001,11,0.214
1329.025853,0.001,1,127,0,1.002,11,0.21
1330.022601,0.001,1,127,0,1.001,11,0.217
1331.02303,0.001,1,127,0,1,11,0.214
1332.021224,0.001,1,127,0,1.002,11,0.219
1333.021855,0.001,1,127,0,1.002,11,0.217
1334.023947,0.001,1,127,0,1.002,11,0.202
1335.024233,0.001,1,127,0,1.002,11,0.203
1336.022007,0.001,1,127,0,1.001,11,0.195
1337.02334,0.001,1,127,0,1.001,11,0.212
1338.022586,0.001,1,127,0,1.001,11,0.207
1339.027233,0.001,1,127,0,0.997,11,0.193
1340.026638,0.001,1,127,0,1.001,11,0.211
1341.027822,0.001,1,127,0,0.997,11,0.211
1342.022563,0.001,1,127,0,1,11,0.196
1343.023538,0.001,1,127,0,1,11,0.207
1344.023653,0.001,1,127,0,1,11,0.198
1345.023146,0.001,1,127,0,1.001,11,0.203
1346.022389,0.001,1,127,0,1.003,11,0.193
1347.022738,0.001,1,127,0,1.003,11,0.194
1348.023809,0.001,1,127,0,1.003,11,0.218
1349.025527,0.001,1,127,0,1.003,11,0.211
1350.025914,0.001,1,127,0,1.003,11,0.212
1351.028256,0.001,1,127,0,1.002,11,0.219
1352.029755,0.001,1,127,0,0.998,11,0.22
1353.026839,0.001,1,127,0,0.998,11,0.219
1354.02482,0.001,1,127,0,1,11,0.205
1355.022202,0.001,1,127,0,1,11,0.2
1356.024704,0.001,1,127,0,0.998,11,0.207
1357.031698,0.001,1,127,0,1.001,11,0.19
1358.022055,0.001,1,127,0,1.002,12,0.192
1359.055577,0.001,1,127,0,1.001,12,0.192
1360.025112,0.001,1,127,0,1.004,12,0.185
1361.056622,0.001,1,127,0,1.001,12,0.181
1362.064074,0.001,1,127,0,1.002,12,0.203
1363.022918,0.001,1,127,0,1.003,12,0.209
1364.022439,0.001,1,127,0,1.002,12,0.221
1365.024653,0.001,1,127,0,0.998,12,0.212
1366.02547,0.001,1,127,0,1.002,12,0.202
1367.096796,0.001,1,127,0,1,12,0.209
1368.100302,0.001,1,127,0,1.001,12,0.222
1369.2779,0.001,1,127,0,0.996,12,0.22
1370.126714,0.001,1,127,0,0.997,12,0.208
1371.023047,0.001,1,127,0,1,12,0.246
1372.023551,0.001,1,127,0,1.001,12,0.198
1373.02171,0.001,1,127,0,1.001,12,0.216
1374.023466,0.001,1,127,0,1.001,12,0.193
1375.022795,0.001,1,127,0,1.002,12,0.19
1376.022004,0.001,1,127,0,1.002,12,0.207
1377.024495,0.001,1,127,0,1.001,12,0.195
1378.022335,0.001,1,127,0,1.001,12,0.216
1379.02989,0.001,1,127,0,1,12,0.225
1380.028262,0.001,1,127,0,1.002,12,0.204
1381.027889,0.001,1,127,0,1,12,0.216
1382.026392,0.001,1,127,0,1.001,12,0.194
1383.052343,0.001,1,127,0,0.998,12,0.217
1384.024909,0.001,1,127,0,0.997,12,0.205
1385.029255,0.001,1,127,0,1,12,0.19
1386.065161,0.001,1,127,0,1,12,0.187
1387.023627,0.001,1,127,0,1.001,12,0.184
1388.025366,0.001,1,127,0,1.002,12,0.182
1389.025143,0.001,1,127,0,1.001,12,0.195
1390.026166,0.001,1,127,0,1.002,12,0.184
1391.02718,0.001,1,127,0,1.002,12,0.18
1392.026609,0.001,1,127,0,1.001,12,0.209
1393.023901,0.001,1,127,0,1.001,12,0.203
1394.027263,0.001,1,127,0,1.003,12,0.2
1395.032351,0.001,1,127,0,1.002,12,0.214
1396.03036,0.001,1,127,0,1.003,12,0.207
1397.033191,0.001,1,127,0,1,12,0.237
1398.045413,0.001,1,127,0,0.998,12,0.243
1399.055391,0.001,1,127,0,0.998,12,0.222
1400.024439,0.001,1,127,0,1,12,0.225
1401.028395,0.001,1,127,0,0.998,12,0.209
1402.023413,0.001,1,127,0,1.001,12,0.21
1403.024096,0.001,1,127,0,1.001,12,0.199
1404.023695,0.001,1,127,0,1.002,12,0.201
1405.022974,0.001,1,127,0,1.003,12,0.201
1406.024189,0.001,1,127,0,1,12,0.197
1407.025193,0.001,1,127,0,1.003,12,0.196
1408.027696,0.001,1,127,0,1.003,12,0.18
1409.028921,0.001,1,127,0,1.001,12,0.207
1410.02622,0.001,1,127,0,0.997,12,0.211
1411.024103,0.001,1,127,0,1.002,12,0.197
1412.024237,0.001,1,127,0,1.002,12,0.194
1413.024352,0.001,1,127,0,1,12,0.202
1414.026975,0.001,1,127,0,0.998,12,0.21
1415.028016,0.001,1,127,0,1,12,0.202
1416.028,0.001,1,127,0,0.998,12,0.211
1417.02699,0.001,1,127,0,1.001,12,0.207
1418.031728,0.001,1,127,0,0.998,12,0.206
1419.026173,0.001,1,127,0,1.001,12,0.206
1420.023773,0.001,1,127,0,1.001,12,0.186
1421.030724,0.001,1,127,0,1.002,12,0.215
1422.026207,0.001,1,127,0,1.002,12,0.214
1423.026715,0.001,1,127,0,1.002,12,0.21
1424.024183,0.001,1,127,0,1.002,12,0.218
1425.030405,0.001,1,127,0,1.002,12,0.205
1426.027691,0.001,1,127,0,1.003,12,0.212
1427.097352,0.001,1,127,0,1.004,12,0.208
1428.265037,0.001,1,127,0,1,12,0.2
1429.10945,0.001,1,127,0,1,12,0.2
1430.125881,0.001,1,127,0,1,12,0.201
1431.028489,0.001,1,127,0,1.001,12,0.199
1432.029711,0.001,1,127,0,1,12,0.185
1433.039075,0.001,1,127,0,1,12,0.204
1434.032923,0.001,1,127,0,1.001,12,0.208
1435.036999,0.001,1,127,0,1.001,12,0.195
1436.046221,0.001,1,127,0,1,12,0.181
1437.054764,0.001,1,127,0,1.002,12,0.189
1438.063488,0.001,1,127,0,1.003,12,0.183
1439.063582,0.001,1,127,0,1.001,12,0.189
1440.067813,0.001,1,127,0,1.004,12,0.191
1441.073648,0.001,1,127,0,1.001,12,0.191
1442.024692,0.001,1,127,0,1,12,0.193
1443.027554,0.001,1,127,0,1,12,0.19
1444.029966,0.001,1,127,0,1,12,0.189
1445.028335,0.001,1,127,0,0.997,12,0.205
1446.027311,0.001,1,127,0,1,12,0.192
1447.027799,0.001,1,127,0,1,12,0.198
1448.029576,0.001,1,127,0,1.001,12,0.212
1449.027453,0.001,1,127,0,1.001,12,0.214
1450.027537,0.001,1,127,0,1.002,12,0.21
1451.02664,0.001,1,127,0,1.002,12,0.198
1452.02635,0.001,1,127,0,1.002,12,0.192
1453.023805,0.001,1,127,0,1.001,12,0.192
1454.026234,0.001,1,127,0,1,12,0.199
1455.028872,0.001,1,127,0,1.002,12,0.195
1456.029229,0.001,1,127,0,1,12,0.205
1457.024994,0.001,1,127,0,1.001,12,0.215
1458.025095,0.001,1,127,0,1.003,12,0.216
1459.027479,0.001,1,127,0,0.997,12,0.222
1460.024436,0.001,1,127,0,1,12,0.2
1461.024305,0.001,1,127,0,1,12,0.223
1462.024268,0.001,1,127,0,0.998,12,0.233
1463.047611,0.001,1,127,0,1.001,12,0.235
1464.02801,0.001,1,127,0,1.001,12,0.226
1465.024542,0.001,1,127,0,1.001,12,0.183
1466.025125,0.001,1,127,0,1.002,12,0.25
1467.029855,0.001,1,127,0,1.003,12,0.216
1468.028385,0.001,1,127,0,1.002,12,0.206
1469.028167,0.001,1,127,0,1.002,12,0.204
1470.032779,0.001,1,127,0,1.002,12,0.225
1471.040864,0.001,1,127,0,1.001,12,0.227
1472.030245,0.001,1,127,0,1,12,0.218
1473.033236,0.001,1,127,0,1,12,0.219
1474.025828,0.001,1,127,0,0.997,12,0.207
1475.025933,0.001,1,127,0,0.998,12,0.211
1476.032926,0.001,1,127,0,0.998,12,0.208
1477.042473,0.001,1,127,0,1,12,0.193
1478.048557,0.001,1,127,0,1.001,12,0.205
1479.031945,0.001,1,127,0,1.001,12,0.191
1480.066253,0.001,1,127,0,1.001,13,0.194
1481.06969,0.001,1,127,0,0.998,13,0.201
1482.027452,0.001,1,127,0,1.002,13,0.19
1483.024507,0.001,1,127,0,1.004,13,0.182
1484.025167,0.001,1,127,0,1.002,13,0.209
1485.026553,0.001,1,127,0,1.002,13,0.182
1486.028495,0.001,1,127,0,1.001,13,0.214
1487.10185,0.001,1,127,0,0.997,13,0.204
1488.101949,0.001,1,127,0,0.998,13,0.195
1489.120049,0.001,1,127,0,1,13,0.206
1490.146915,0.001,1,127,0,0.998,13,0.217
1491.032559,0.001,1,127,0,1,13,0.223
1492.028429,0.001,1,127,0,1,13,0.208
1493.02955,0.001,1,127,0,1.003,13,0.212
1494.028018,0.001,1,127,0,1.002,13,0.21
1495.029442,0.001,1,127,0,1.001,13,0.206
1496.026758,0.001,1,127,0,1.001,13,0.204
1497.025623,0.001,1,127,0,1.001,13,0.208
1498.027007,0.001,1,127,0,1.003,13,0.196
1499.028795,0.001,1,127,0,1,13,0.192
1500.027357,0.001,1,127,0,1.002,13,0.19
1501.071646,0.001,1,127,0,1.001,13,0.196
1502.027414,0.001,1,127,0,1.002,13,0.193
1503.026294,0.001,1,127,0,1.001,13,0.213
1504.027014,0.001,1,127,0,0.997,13,0.206
1505.025588,0.001,1,127,0,0.997,13,0.182
1506.024652,0.001,1,127,0,1,13,0.186
1507.024539,0.001,1,127,0,1,13,0.195
1508.025764,0.001,1,127,0,1.002,13,0.211
1509.028146,0.001,1,127,0,1.001,13,0.205
1510.026357,0.001,1,127,0,1.002,13,0.191
1511.02856,0.001,1,127,0,1.001,13,0.23
1512.029892,0.001,1,127,0,1.001,13,0.207
1513.07791,0.001,1,127,0,1.004,13,0.212
1514.045421,0.001,1,127,0,1.002,13,0.22
1515.037455,0.001,1,127,0,0.998,13,0.208
1516.032749,0.001,1,127,0,1,13,0.204
1517.041119,0.001,1,127,0,1.001,13,0.19
1518.051112,0.001,1,127,0,0.998,13,0.198
1519.052927,0.001,1,127,0,0.996,13,0.191
1520.058563,0.001,1,127,0,1,13,0.196
1521.06676,0.001,1,127,0,1.001,13,0.194
1522.026459,0.001,1,127,0,1.002,13,0.184
1523.02559,0.001,1,127,0,1.003,13,0.178
1524.026512,0.001,1,127,0,1.002,13,0.194
1525.027078,0.001,1,127,0,0.997,13,0.189
1526.026918,0.001,1,127,0,0.998,13,0.206
1527.030011,0.001,1,127,0,1.001,13,0.205
1528.026294,0.001,1,127,0,1,13,0.208
1529.029287,0.001,1,127,0,1.002,13,0.213
1530.028768,0.001,1,127,0,1,13,0.203
1531.028502,0.001,1,127,0,1.001,13,0.218
1532.031663,0.001,1,127,0,1,13,0.216
1533.02948,0.001,1,127,0,1.001,13,0.19
1534.026659,0.001,1,127,0,0.997,13,0.186
1535.025822,0.001,1,127,0,1,13,0.182
1536.025674,0.001,1,127,0,0.997,13,0.174
1537.026249,0.001,1,127,0,1.001,13,0.182
1538.025456,0.001,1,127,0,1.001,13,0.164
1539.032767,0.001,1,127,0,1.001,13,0.192
1540.043395,0.001,1,127,0,0.998,13,0.183
1541.041368,0.001,1,127,0,1.003,13,0.182
1542.027617,0.001,1,127,0,1.002,13,0.199
1543.032085,0.001,1,127,0,1.001,13,0.202
1544.033575,0.001,1,127,0,1.001,13,0.19
1545.030462,0.001,1,127,0,1.001,13,0.211
1546.02535,0.001,1,127,0,0.998,13,0.207
1547.100655,0.001,1,127,0,1,13,0.206
1548.101606,0.001,1,127,0,0.997,13,0.213
1549.116583,0.001,1,127,0,0.998,13,0.209
1550.303016,0.001,1,127,0,1,13,0.223
1551.031979,0.001,1,127,0,0.998,13,0.193
1552.03087,0.001,1,127,0,1,13,0.281
1553.055473,0.001,1,127,0,0.998,13,0.198
1554.03501,0.001,1,127,0,1,13,0.219
1555.038316,0.001,1,127,0,1,13,0.217
1556.050501,0.001,1,127,0,1.002,13,0.217
1557.055181,0.001,1,127,0,1.002,13,0.218
1558.061578,0.001,1,127,0,1.003,13,0.218
1559.074076,0.001,1,127,0,1,13,0.214
1560.029804,0.001,1,127,0,1.002,13,0.233
1561.059228,0.001,1,127,0,0.998,13,0.223
1562.027566,0.001,1,127,0,0.997,13,0.216
1563.026722,0.001,1,127,0,1.002,13,0.214
1564.030676,0.001,1,127,0,0.997,13,0.211
1565.030225,0.001,1,127,0,0.997,13,0.192
1566.030135,0.001,1,127,0,0.997,13,0.215
1567.029462,0.001,1,127,0,0.998,13,0.184
1568.029569,0.001,1,127,0,1.001,13,0.186
1569.029057,0.001,1,127,0,1.002,13,0.19
1570.028743,0.001,1,127,0,1.001,13,0.19
1571.029923,0.001,1,127,0,1.002,13,0.213
1572.029563,0.001,1,127,0,1.001,13,0.196
1573.045624,0.001,1,127,0,1.002,13,0.194
1574.028058,0.001,1,127,0,1,13,0.216
1575.033458,0.001,1,127,0,0.997,13,0.189
1576.031555,0.001,1,127,0,1.001,13,0.223
1577.031525,0.001,1,127,0,0.997,13,0.214
1578.031349,0.001,1,127,0,0.997,13,0.218
1579.02742,0.001,1,127,0,0.998,13,0.229
1580.027027,0.001,1,127,0,0.998,13,0.21
1581.027607,0.001,1,127,0,0.997,13,0.223
1582.026685,0.001,1,127,0,0.998,13,0.192
1583.028376,0.001,1,127,0,1,13,0.197
1584.028451,0.001,1,127,0,1,13,0.193
1585.028461,0.001,1,127,0,1.001,13,0.209
1586.029392,0.001,1,127,0,1.004,13,0.194
1587.029262,0.001,1,127,0,1.003,13,0.184
1588.032917,0.001,1,127,0,0.998,13,0.206
1589.032895,0.001,1,127,0,1,13,0.205
1590.037051,0.001,1,127,0,0.998,13,0.222
1591.031163,0.001,1,127,0,0.998,13,0.226
1592.025834,0.001,1,127,0,0.996,13,0.185
1593.028841,0.001,1,127,0,0.997,13,0.201
1594.027499,0.001,1,127,0,0.998,13,0.2
1595.039913,0.001,1,127,0,1,13,0.18
1596.052381,0.001,1,127,0,0.998,13,0.173
1597.057418,0.001,1,127,0,0.998,13,0.156
1598.069887,0.001,1,127,0,1.002,13,0.149
1599.074658,0.001,1,127,0,1.001,13,0.188
1600.030797,0.001,1,127,0,1.001,13,0.193
1601.02829,0.001,1,127,0,1,14,0.188
1602.026748,0.001,1,127,0,1.001,14,0.177
1603.027747,0.001,1,127,0,1.001,14,0.199
1604.049322,0.001,1,127,0,1.001,14,0.213
1605.02764,0.001,1,127,0,1.003,14,0.207
1606.028326,0.001,1,127,0,0.997,14,0.223
1607.100298,0.001,1,127,0,0.998,14,0.216
1608.101548,0.001,1,127,0,1,14,0.219
1609.285713,0.001,1,127,0,1,14,0.225
1610.129928,0.001,1,127,0,1,14,0.203
1611.026026,0.001,1,127,0,1,14,0.2
1612.029578,0.001,1,127,0,0.998,14,0.196
1613.027003,0.001,1,127,0,0.998,14,0.209
1614.027077,0.001,1,127,0,1,14,0.189
1615.026219,0.001,1,127,0,1.003,14,0.223
1616.030718,0.001,1,127,0,1.002,14,0.212
1617.031552,0.001,1,127,0,1.002,14,0.203
1618.028513,0.001,1,127,0,1.004,14,0.201
1619.033261,0.001,1,127,0,0.998,14,0.208
1620.029172,0.001,1,127,0,1.002,14,0.213
1621.068046,0.001,1,127,0,1.002,14,0.22
1622.027832,0.001,1,127,0,0.998,14,0.22
1623.028573,0.001,1,127,0,0.997,14,0.208
1624.028128,0.001,1,127,0,0.998,14,0.204
1625.028313,0.001,1,127,0,0.998,14,0.207
1626.028003,0.001,1,127,0,1,14,0.195
1627.027558,0.001,1,127,0,1,14,0.21
1628.045653,0.001,1,127,0,1.002,14,0.196
1629.031046,0.001,1,127,0,1.002,14,0.212
1630.028914,0.001,1,127,0,1.002,14,0.205
1631.03137,0.001,1,127,0,1,14,0.19
1632.034217,0.001,1,127,0,1,14,0.2
1633.033188,0.001,1,127,0,1.001,14,0.2
1634.041376,0.001,1,127,0,1,14,0.195
1635.041996,0.001,1,127,0,1.001,14,0.187
1636.049542,0.001,1,127,0,1.001,14,0.207
1637.060999,0.001,1,127,0,0.997,14,0.203
1638.09153,0.001,1,127,0,0.997,14,0.2
1639.080257,0.001,1,127,0,0.996,14,0.199
1640.054259,0.001,1,127,0,1,14,0.196
1641.03238,0.001,1,127,0,1.003,14,0.21
1642.02821,0.001,1,127,0,1,14,0.202
1643.028312,0.001,1,127,0,1.001,14,0.218
1644.029064,0.001,1,127,0,1.001,14,0.212
1645.027403,0.001,1,127,0,1.002,14,0.196
1646.029071,0.001,1,127,0,1,14,0.197
1647.029088,0.001,1,127,0,1,14,0.192
1648.029561,0.001,1,127,0,1.002,14,0.198
1649.033518,0.001,1,127,0,1.001,14,0.2
1650.032266,0.001,1,127,0,0.995,14,0.21
1651.02848,0.001,1,127,0,0.996,14,0.193
1652.029082,0.001,1,127,0,0.996,14,0.208
1653.02869,0.001,1,127,0,0.998,14,0.2
1654.031372,0.001,1,127,0,0.998,14,0.191
1655.030199,0.001,1,127,0,1,14,0.193
1656.034392,0.001,1,127,0,1.001,14,0.21
1657.029183,0.001,1,127,0,1.002,14,0.218
1658.028962,0.001,1,127,0,1.002,14,0.19
1659.052216,0.001,1,127,0,1,14,0.191
1660.031371,0.001,1,127,0,0.998,14,0.198
1661.030628,0.001,1,127,0,1.002,14,0.197
1662.028324,0.001,1,127,0,0.998,14,0.206
1663.027873,0.001,1,127,0,1.002,14,0.191
1664.028152,0.001,1,127,0,1,14,0.222
1665.039786,0.001,1,127,0,1.001,14,0.219
1666.02822,0.001,1,127,0,1,14,0.21
1667.108212,0.001,1,127,0,0.998,14,0.212
1668.282312,0.001,1,127,0,0.998,14,0.212
1669.129742,0.001,1,127,0,0.998,14,0.203
1670.140682,0.001,1,127,0,0.998,14,0.201
1671.037697,0.001,1,127,0,0.998,14,0.195
1672.043555,0.001,1,127,0,1.001,14,0.197
1673.033492,0.001,1,127,0,1.002,14,0.196
1674.058875,0.001,1,127,0,1,14,0.191
1675.055084,0.001,1,127,0,1.001,14,0.191
1676.057696,0.001,1,127,0,1.002,14,0.202
1677.064086,0.001,1,127,0,1,14,0.189
1678.029357,0.001,1,127,0,1,14,0.216
1679.034422,0.001,1,127,0,1.001,14,0.207
1680.031343,0.001,1,127,0,1.002,14,0.207
1681.063797,0.001,1,127,0,0.996,14,0.196
1682.032883,0.001,1,127,0,0.996,14,0.195
1683.030938,0.001,1,127,0,0.998,14,0.193
1684.084658,0.001,1,127,0,0.997,14,0.209
1685.148086,0.001,1,127,0,0.998,14,0.192
1686.031124,0.001,1,127,0,1,14,0.178
1687.028652,0.001,1,127,0,1.001,14,0.191
1688.033517,0.001,1,127,0,1.001,14,0.201
1689.035748,0.001,1,127,0,1.001,14,0.207
1690.035053,0.001,1,127,0,1.001,14,0.198
1691.032978,0.001,1,127,0,1.002,14,0.207
1692.035323,0.001,1,127,0,1.001,14,0.211
1693.041024,0.001,1,127,0,1.002,14,0.196
1694.032024,0.001,1,127,0,0.998,14,0.2
1695.032077,0.001,1,127,0,1,14,0.213
1696.029601,0.001,1,127,0,0.997,14,0.219
1697.046507,0.001,1,127,0,0.997,14,0.214
1698.030478,0.001,1,127,0,0.998,14,0.214
1699.030491,0.001,1,127,0,0.998,14,0.206
1700.033177,0.001,1,127,0,0.998,14,0.2
1701.041845,0.001,1,127,0,0.998,14,0.194
1702.031246,0.001,1,127,0,1,14,0.193
1703.034409,0.001,1,127,0,1,14,0.19
1704.035262,0.001,1,127,0,1,14,0.186
1705.03285,0.001,1,127,0,1,14,0.196
1706.032095,0.001,1,127,0,1.003,14,0.185
1707.034651,0.001,1,127,0,1.001,14,0.18
1708.029655,0.001,1,127,0,1,14,0.194
1709.029781,0.001,1,127,0,1.001,14,0.198
1710.03251,0.001,1,127,0,0.998,14,0.191
1711.034125,0.001,1,127,0,1,14,0.222
1712.029456,0.001,1,127,0,0.996,14,0.216
1713.030289,0.001,1,127,0,0.998,14,0.213
1714.04574,0.001,1,127,0,0.997,14,0.222
1715.044017,0.001,1,127,0,1,14,0.219
1716.044563,0.001,1,127,0,0.998,14,0.227
1717.051737,0.001,1,127,0,1.001,14,0.213
1718.066717,0.001,1,127,0,1,14,0.208
1719.036067,0.001,1,127,0,1,14,0.196
1720.030535,0.001,1,127,0,1.005,14,0.216
1721.03138,0.001,1,127,0,1.002,14,0.204
1722.03389,0.001,1,127,0,1.001,15,0.209
1723.030947,0.001,1,127,0,1.001,15,0.206
1724.029997,0.001,1,127,0,1.001,15,0.194
1725.029148,0.001,1,127,0,0.998,15,0.203
1726.032309,0.001,1,127,0,0.998,15,0.192
1727.105418,0.001,1,127,0,0.998,15,0.204
1728.112407,0.001,1,127,0,0.998,15,0.193
1729.1289,0.001,1,127,0,0.998,15,0.183
1730.146291,0.001,1,127,0,0.998,15,0.201
1731.041294,0.001,1,127,0,0.997,15,0.189
1732.032136,0.001,1,127,0,0.998,15,0.19
1733.032649,0.001,1,127,0,1.002,15,0.195
1734.033381,0.001,1,127,0,1.001,15,0.187
1735.034731,0.001,1,127,0,1.001,15,0.212
1736.034422,0.001,1,127,0,1.002,15,0.214
1737.033755,0.001,1,127,0,1,15,0.203
1738.030394,0.001,1,127,0,1.003,15,0.211
1739.034409,0.001,1,127,0,0.998,15,0.213
1740.033652,0.001,1,127,0,0.998,15,0.221
1741.072297,0.001,1,127,0,1,15,0.211
1742.031958,0.001,1,127,0,0.998,15,0.21
1743.030981,0.001,1,127,0,1,15,0.201
1744.030809,0.001,1,127,0,0.998,15,0.191
1745.030626,0.001,1,127,0,0.998,15,0.208
1746.031105,0.001,1,127,0,1,15,0.193
1747.031206,0.001,1,127,0,1,15,0.208
1748.030996,0.001,1,127,0,1.001,15,0.192
1749.034586,0.001,1,127,0,1.001,15,0.209
1750.030528,0.001,1,127,0,0.998,15,0.193
1751.030284,0.001,1,127,0,1.001,15,0.186
1752.043831,0.001,1,127,0,1.001,15,0.186
1753.038574,0.001,1,127,0,0.998,15,0.196
1754.049205,0.001,1,127,0,1.002,15,0.208
1755.052514,0.001,1,127,0,1,15,0.196
1756.056158,0.001,1,127,0,1.001,15,0.181
1757.071959,0.001,1,127,0,0.997,15,0.195
1758.071898,0.001,1,127,0,1,15,0.214
1759.034657,0.001,1,127,0,0.998,15,0.199
1760.031175,0.001,1,127,0,1,15,0.193
1761.0308,0.001,1,127,0,0.998,15,0.196
1762.031903,0.001,1,127,0,1,15,0.189
1763.032378,0.001,1,127,0,1.002,15,0.197
1764.032301,0.001,1,127,0,0.998,15,0.2
1765.287255,0.001,1,127,0,1.002,15,0.192
1766.031068,0.001,1,127,0,1.002,15,0.205
1767.036788,0.001,1,127,0,1,15,0.182
1768.035445,0.001,1,127,0,1.002,15,0.201
1769.036086,0.001,1,127,0,1,15,0.198
1770.033685,0.001,1,127,0,0.998,15,0.212
1771.030163,0.001,1,127,0,0.998,15,0.18
1772.030503,0.001,1,127,0,0.997,15,0.205
1773.032147,0.001,1,127,0,0.998,15,0.19
1774.032769,0.001,1,127,0,0.998,15,0.174
1775.033315,0.001,1,127,0,1,15,0.208
1776.032678,0.001,1,127,0,1,15,0.206
1777.033035,0.001,1,127,0,1,15,0.191
1778.035358,0.001,1,127,0,1,15,0.19
1779.03649,0.001,1,127,0,1.001,15,0.22
1780.03171,0.001,1,127,0,1.001,15,0.21
1781.032737,0.001,1,127,0,1.002,15,0.194
1782.033138,0.001,1,127,0,1,15,0.207
1783.033947,0.001,1,127,0,1,15,0.213
1784.033197,0.001,1,127,0,0.998,15,0.195
1785.032119,0.001,1,127,0,0.998,15,0.198
1786.031746,0.001,1,127,0,0.998,15,0.194
1787.1078,0.001,1,127,0,1,15,0.189
1788.106368,0.001,1,127,0,0.998,15,0.184
1789.119378,0.001,1,127,0,0.997,15,0.194
1790.306051,0.001,1,127,0,0.997,15,0.212
1791.054736,0.001,1,127,0,1,15,0.188
1792.058568,0.001,1,127,0,0.998,15,0.222
1793.064421,0.001,1,127,0,1.001,15,0.212
1794.033642,0.001,1,127,0,1.002,15,0.23
1795.032491,0.001,1,127,0,1.001,15,0.22
1796.031234,0.001,1,127,0,1.002,15,0.247
1797.031941,0.001,1,127,0,0.998,15,0.22
1798.030225,0.001,1,127,0,1.002,15,0.213
1799.034034,0.001,1,127,0,1,15,0.204
1800.035761,0.001,1,127,0,0.997,15,0.21
1801.065005,0.001,1,127,0,0.997,15,0.188
1802.034247,0.001,1,127,0,0.997,15,0.22
1803.037567,0.001,1,127,0,1,15,0.19
1804.034005,0.001,1,127,0,0.998,15,0.196
1805.035815,0.001,1,127,0,0.998,15,0.204
1806.035603,0.001,1,127,0,1.002,15,0.198
1807.032963,0.001,1,127,0,0.998,15,0.211
1808.032626,0.001,1,127,0,1,15,0.195
1809.037091,0.001,1,127,0,1.002,15,0.207
1810.032081,0.001,1,127,0,1,15,0.205
1811.032694,0.001,1,127,0,1.001,15,0.192
1812.030965,0.001,1,127,0,1.001,15,0.193
1813.031828,0.001,1,127,0,1.002,15,0.196
1814.03194,0.001,1,127,0,1.001,15,0.195
1815.033049,0.001,1,127,0,1,15,0.178
1816.181542,0.001,1,127,0,0.997,15,0.208
1817.034495,0.001,1,127,0,0.997,15,0.169
1818.035205,0.001,1,127,0,0.998,15,0.211
1819.045921,0.001,1,127,0,0.998,15,0.196
1820.034165,0.001,1,127,0,0.997,15,0.213
1821.036215,0.001,1,127,0,1.001,15,0.212
1822.032105,0.001,1,127,0,1,15,0.203
1823.057088,0.001,1,127,0,1.003,15,0.22
1824.032504,0.001,1,127,0,1.001,15,0.19
1825.037432,0.001,1,127,0,1.002,15,0.216
1826.033774,0.001,1,127,0,1.002,15,0.225
1827.031293,0.001,1,127,0,1.001,15,0.209
1828.060704,0.001,1,127,0,1,15,0.204
1829.072821,0.001,1,127,0,1.001,15,0.204
1830.077167,0.001,1,127,0,0.998,15,0.185
1831.08397,0.001,1,127,0,0.998,15,0.2
1832.037422,0.001,1,127,0,0.996,15,0.194
1833.033749,0.001,1,127,0,0.998,15,0.192
1834.033497,0.001,1,127,0,0.998,15,0.19
1835.032732,0.001,1,127,0,1.001,15,0.179
1836.031951,0.001,1,127,0,0.997,15,0.16
1837.033435,0.001,1,127,0,1,15,0.188
1838.033537,0.001,1,127,0,1,15,0.168
1839.037294,0.001,1,127,0,1.001,15,0.182
1840.033255,0.001,1,127,0,1,15,0.191
1841.033819,0.001,1,127,0,1.001,15,0.199
1842.030819,0.001,1,127,0,1.001,15,0.182
1843.033326,0.001,1,127,0,1.001,15,0.193
1844.032693,0.001,1,127,0,1.001,16,0.196
1845.034685,0.001,1,127,0,1.001,16,0.192
1846.03827,0.001,1,127,0,0.998,16,0.214
1847.112273,0.001,1,127,0,0.998,16,0.211
1848.288912,0.001,1,127,0,0.998,16,0.207
1849.302388,0.001,1,127,0,1.001,16,0.206
1850.157274,0.001,1,127,0,0.998,16,0.201
1851.035304,0.001,1,127,0,1,16,0.189
1852.032641,0.001,1,127,0,1.002,16,0.203
1853.035404,0.001,1,127,0,1.001,16,0.182
1854.033652,0.001,1,127,0,1.001,16,0.183
1855.033342,0.001,1,127,0,1.001,16,0.182
1856.033088,0.001,1,127,0,1.002,16,0.185
1857.035004,0.001,1,127,0,1.001,16,0.199
1858.033907,0.001,1,127,0,1.002,16,0.178
1859.03565,0.001,1,127,0,0.998,16,0.201
1860.034808,0.001,1,127,0,0.998,16,0.187
1861.071115,0.001,1,127,0,0.998,16,0.19
1862.032159,0.001,1,127,0,0.998,16,0.175
1863.03569,0.001,1,127,0,0.998,16,0.192
1864.037576,0.001,1,127,0,0.997,16,0.2
1865.050988,0.001,1,127,0,1,16,0.183
1866.062958,0.001,1,127,0,1,16,0.192
1867.062853,0.001,1,127,0,0.997,16,0.177
1868.071305,0.001,1,127,0,0.998,16,0.195
1869.07554,0.001,1,127,0,1,16,0.195
1870.068173,0.001,1,127,0,1,16,0.208
1871.033329,0.001,1,127,0,1.002,16,0.21
1872.034111,0.001,1,127,0,1,16,0.189
1873.032376,0.001,1,127,0,1.002,16,0.207
1874.035626,0.001,1,127,0,1.001,16,0.201
1875.032547,0.001,1,127,0,0.997,16,0.208
1876.034524,0.001,1,127,0,0.998,16,0.208
1877.03338,0.001,1,500,0,0.998,0,0.208
1878.034498,0.001,1,500,0,1.001,0,0.203
1879.036358,0.001,1,500,0,0.998,0,0.189
1880.037611,0.001,1,500,0,0.998,0,0.185
1881.036428,0.001,1,500,0,1,0,0.184
1882.038461,0.001,1,500,0,1,0,0.178
1883.0348,0.001,1,500,0,1,0,0.206
1884.035842,0.001,1,500,0,1,0,0.185
1885.035437,0.001,1,500,0,1,0,0.184
1886.036263,0.0005,0.25,500,0,1.002,0,0.165
1887.034372,0.0005,0.25,500,0,0.444,0,0.182
1888.032749,0.0005,0.25,500,0,0.333,0,0.217
1889.038877,0.0005,0.25,500,0,0.301,0,0.179
1890.036477,0.0005,0.25,500,0,0.284,0,0.2
1891.035303,0.0005,0.25,500,0,0.266,0,0.207
1892.033168,0.0005,0.25,500,0,0.258,0,0.205
1893.033946,0.0005,0.25,500,0,0.254,0,0.222
1894.03389,0.0005,0.25,500,0,0.255,0,0.198
1895.037273,0.0005,0.25,500,0,0.252,0,0.197
1896.036245,0.0005,0.25,500,0,0.25,0,0.211
1897.037215,0.0005,0.25,500,0,0.253,0,0.197
1898.03747,0.0005,0.25,500,0,0.253,0,0.22
1899.036721,0.0005,0.25,500,0,0.247,0,0.259
1900.035061,0.0005,0.25,0,0,0.247,0,0.287
1901.033889,0.0005,0.25,0,0,0.251,0,0.326
